,Title,Author,Category,Tag0,Tag1,Rating,UserRating
0,Duygularımla Tanışıyorum - Üzgün Kertenkele,E. Murat Yığcı,ÇOCUK,Hayvanlar Alemi,Duygular,4.59,0
1,Karahindiba,İzzet Güldoğan,ÇOCUK,3-6 yaş arası,Çocuklar İçin Keyifli Kitaplar,4.37,0
2,Tuhaf Bir Yılbaşı Öyküsü - Kısaltılmış Metin,Charles Dickens,ÇOCUK,İngiliz Edebiyatı,İngiliz Klasikleri,4.68,0
3,Doktor Dinozor - Kulağımda Misafir Var,E. Murat Yığcı,ÇOCUK,Doktorlar,Hayvanlar Alemi,4.0,0
4,Harry Potter ve Felsefe Taşı,J.K. Rowling,ÇOCUK,9-12 yaş arası,Tüm aile için,4.29,0
5,Karlar Ülkesi - Olaf'In Mükemmel Yaz Günü,Disney Books,ÇOCUK,6-9 yaş arası,Disney Prensesleri,4.53,0
6,Ezop Masalları,Mavisel Yener,ÇOCUK,6-9 yaş arası,Hayvanlar Alemi,4.37,0
7,Benim Zürafam Uçabilir,Mert Arık,ÇOCUK,6-9 yaş arası,Hayvanlar Alemi,4.53,0
8,Duygularımla Tanışıyorum - Kızgın Penguen,E. Murat Yığcı,ÇOCUK,Hayvanlar Alemi,3-6 yaş arası,4.4,0
9,On Numara Macera - Kral Şakir,Grafi 2000,ÇOCUK,Çizgi Film Kitapları,6-9 yaş arası,4.69,0
10,Kara Kedi,Fatih Danacı,ÇOCUK,3-6 yaş arası,Hayvanlar Alemi,4.5,0
11,Duygularımla Tanışıyorum - Korkusuz Denizatı,E. Murat Yığcı,ÇOCUK,Duygular,Hayvanlar Alemi,4.5,0
12,Çok Uslu Yaramazlar 1- İkiz Arkadaşlar,Aytül Akal,ÇOCUK,6-9 yaş arası,Arkadaşlık,4.13,0
13,Harry Potter ve Sırlar Odası,J.K. Rowling,ÇOCUK,9-12 yaş arası,İngiliz Edebiyatı,4.64,0
14,Harry Potter ve Zümrüdüanka Yoldaşlığı,J.K. Rowling,ÇOCUK,9-12 yaş arası,İngiliz Edebiyatı,4.81,0
15,Kirpi Kipi ve Parıltılı Arkadaşları,Ahu Gölcüoğulları Karagülle,ÇOCUK,3-6 yaş arası,Hayvanlar Alemi,4.7,0
16,Doktor Dinozor - Çukura Düşen Fil,E. Murat Yığcı,ÇOCUK,Doktorlar,Hayvanlar Alemi,3.64,0
17,Harry Potter ve Azkaban Tutsağı,J.K. Rowling,ÇOCUK,9-12 yaş arası,İngiliz Edebiyatı,4.75,0
18,Duygularımla Tanışıyorum - Şaşırtıcı Armadillo,E. Murat Yığcı,ÇOCUK,Duygular,3-6 yaş arası,4.6,0
19,Küçük Prens,Antoine de Saint-Exupéry,ÇOCUK,6-9 yaş arası,9-12 yaş arası,4.23,0
20,Yaşasın Ç Harfi Kardeşliği!,Behiç Ak,ÇOCUK,9-12 yaş arası,İletişim,4.58,0
21,Uyuyamayan Koala,Zeynep Sevde,ÇOCUK,Çocuklar İçin Keyifli Kitaplar,İyi Uykular,4.54,0
22,Harry Potter ve Ateş Kadehi,J.K. Rowling,ÇOCUK,9-12 yaş arası,İngiliz Edebiyatı,4.8,0
23,Değirmenci ile Baykuş,Göknil Özkök,ÇOCUK,6-9 yaş arası,Çocuklar İçin Keyifli Kitaplar,4.61,0
24,Abartma Tozu,Şermin Yaşar,ÇOCUK,Tüm aile için,Çocuklar İçin Komik Kitaplar,4.75,0
25,Doktor Dinozor - Şimdi Daha İyi Görüyorum,E. Murat Yığcı,ÇOCUK,3-6 yaş arası,Doktorlar,3.75,0
26,Burun Giysisi,M. Banu Aksoy,ÇOCUK,Kış,0-3 Yaş arası,4.41,0
27,Portakal Kabuğu ve Sincap,Semra Pehlivantürk,ÇOCUK,3-6 yaş arası,Çocuklar İçin Keyifli Kitaplar,4.73,0
28,Mita ve Gizemli İnci,Elif Özmenek Çarmıklı,ÇOCUK,6-9 yaş arası,3-6 yaş arası,4.66,0
29,Beyaz Kedi,Fatih Danacı,ÇOCUK,3-6 yaş arası,Hayvanlar Alemi,4.39,0
30,Harry Potter ve Melez Prens,J.K. Rowling,ÇOCUK,9-12 yaş arası,İngiliz Edebiyatı,4.81,0
31,Küçük Kara Balık,Samed Behrengi,ÇOCUK,6-9 yaş arası,9-12 yaş arası,4.52,0
32,Küçük Kırmızı Düğme,Göknil Özkök,ÇOCUK,6-9 yaş arası,Çocuklar İçin Keyifli Kitaplar,4.62,0
33,Doktor Dinozor -Ellerim Her zaman Tertemiz,E. Murat Yığcı,ÇOCUK,Hayvanlar Alemi,Doktorlar,4.2,0
34,Harry Potter ve Ölüm Yadigârları,J.K. Rowling,ÇOCUK,9-12 yaş arası,İngiliz Edebiyatı,4.78,0
35,Limon ile Zeytin Arkadaşım Kardan Adam,Salih Memecan,ÇOCUK,3-6 yaş arası,6-9 yaş arası,4.5,0
36,Şapka,Zülfü Livaneli,ÇOCUK,9-12 yaş arası,Arkadaşlık,4.55,0
37,Duygularımla Tanışıyorum - Mutlu Kunduz,E. Murat Yığcı,ÇOCUK,3-6 yaş arası,Duygular,4.33,0
38,Deniz Masalı,Can Göknil,ÇOCUK,3-6 yaş arası,Masallar,4.57,0
39,Kaktüs Selamlaşması,Nihan Tanrıyakul,ÇOCUK,6-9 yaş arası,Çocuklar İçin Keyifli Kitaplar,4.57,0
40,Tek Kanatlı Baykuş Tayga,Pınar Kilimci,ÇOCUK,3-6 yaş arası,Çocuklar İçin Keyifli Kitaplar,4.58,0
41,Aslan Kral,Disney Books,ÇOCUK,6-9 yaş arası,Hayvanlar Alemi,4.57,0
42,Papuduk ile Süslü Kral,Lider Hepgenç,ÇOCUK,6-9 yaş arası,Çocuklar İçin Keyifli Kitaplar,4.59,0
43,Bal Gibi,Berfin Sıla Kepez,ÇOCUK,3-6 yaş arası,Çocuklar İçin Keyifli Kitaplar,4.74,0
44,Haritada Kaybolmak,Vladimir Tumanov,ÇOCUK,9-12 yaş arası,Kardeşler,4.44,0
45,Asiye 2 - Offf Çok Sıkıldım!,Halenur Çalışan,ÇOCUK,Çocuklar İçin Komik Kitaplar,Çocuklar İçin Keyifli Kitaplar,4.77,0
46,Sarılmak En İyi İlaçtır,Çiğdem Demircan,ÇOCUK,3-6 yaş arası,Çocuklar İçin Keyifli Kitaplar,4.44,0
47,Lara ve Ece Doğum Günü Kutlamasında,Line Kyed Knudsen,ÇOCUK,3-6 yaş arası,Çocuklar İçin Keyifli Kitaplar,4.31,0
48,Meraklı Gözler Serisi 1.Kitap - Hayvanlar Nasıl Görür?,Melike Kapıcıoğlu,ÇOCUK,6-9 yaş arası,Çocuklar İçin Keyifli Kitaplar,4.38,0
49,Karlar Ülkesi - Kutlama - Anna'nın Doğum Günü Partisi,Disney Books,ÇOCUK,6-9 yaş arası,Prensler ve Prensesler,4.65,0
50,Asiye 3 - Bir Ben miyim Perişan?,Halenur Çalışan,ÇOCUK,Çocuklar İçin Komik Kitaplar,Çocuklar İçin Keyifli Kitaplar,4.84,0
51,Tavşan Çoço ve Bizim Orman,Derya İlhan,ÇOCUK,3-6 yaş arası,Çocuklar İçin Keyifli Kitaplar,4.51,0
52,Vızvızlar Okulu,Tuba Deli,ÇOCUK,6-9 yaş arası,Okula Dönüş,4.64,0
53,Mavi Balina ve Yavrusu,Yüksel Yokolma,ÇOCUK,3-6 yaş arası,Çocuklar İçin Keyifli Kitaplar,4.43,0
54,Tek Kişilik Dev Orkestra - Kral Şakir,Grafi 2000,ÇOCUK,6-9 yaş arası,Çizgi Film Kitapları,4.63,0
55,Pamuk Prenses ve Büyük Mücevher Avı,Disney Books,ÇOCUK,Prensler ve Prensesler,3-6 yaş arası,4.38,0
56,Oh Ne Âlâ Memleket,Şermin Yaşar,ÇOCUK,9-12 yaş arası,Tüm aile için,4.82,0
57,Her Şeye Ağlayan Kız,Muzaffer İzgü,ÇOCUK,6-9 yaş arası,Çocuklar İçin Keyifli Kitaplar,4.64,0
58,Sevimli Tarla Faresi,Merve Başcumalı,ÇOCUK,3-6 yaş arası,Çocuklar İçin Keyifli Kitaplar,4.45,0
59,Ev Kedisi Mırnav,Göktuğ Canbaba,ÇOCUK,Çocuklar İçin Keyifli Kitaplar,Kediler,4.56,0
60,Dedemin Bakkalı,Şermin Yaşar,ÇOCUK,Tüm aile için,Çocuklar İçin Keyifli Kitaplar,4.74,0
61,Asiye 1 - Kovun Beni Bu Okuldan!,Halenur Çalışan,ÇOCUK,Çocuklar İçin Komik Kitaplar,Çocuklar İçin Keyifli Kitaplar,4.79,0
62,Pamuş,Nihan Tanrıyakul,ÇOCUK,3-6 yaş arası,Çocuklar İçin Keyifli Kitaplar,4.44,0
63,Para Ağaçta Yetişmiyor!,Jennifer Moore Mallinos,ÇOCUK,6-9 yaş arası,Çocuklar İçin Keyifli Kitaplar,4.52,0
64,Kuyruksuz,Can Göknil,ÇOCUK,3-6 yaş arası,Çocuklar İçin Keyifli Kitaplar,4.53,0
65,Kocaman Küçük Deniz,Süleyman Bulut,ÇOCUK,6-9 yaş arası,Çocuklar İçin Keyifli Kitaplar,4.64,0
66,Cingo,Şermin Yaşar,ÇOCUK,6-9 yaş arası,Tüm aile için,4.74,0
67,Fare Adlı Kedi,Doğan Gündüz,ÇOCUK,6-9 yaş arası,Çocuklar İçin Keyifli Kitaplar,4.57,0
68,Oz Büyücüsü - Kısaltılmış Metin,Frank L. Baum,ÇOCUK,Tüm aile için,Yeni Başlayanlar için Klasikler,4.69,0
69,Oyuncu Kargalar,Bilsev Akış,ÇOCUK,6-9 yaş arası,Hayvanlar Alemi,4.35,0
70,Korudaki Komşular,Ayla Çınaroğlu,ÇOCUK,6-9 yaş arası,Arkadaşlık,5.0,0
71,Bremen Mızıkacıları,Memo Tembelçizer,ÇOCUK,Tüm aile için,Çocuklar İçin Keyifli Kitaplar,4.64,0
72,Bizim Sınıfın Ormanı Var,Muzaffer İzgü,ÇOCUK,6-9 yaş arası,Çocuklar İçin Keyifli Kitaplar,4.65,0
73,Kuş Masalları,Şermin Yaşar,ÇOCUK,0-3 Yaş arası,3-6 yaş arası,4.64,0
74,Karlar Ülkesi - Denizde,Disney Books,ÇOCUK,6-9 yaş arası,Disney Prensesleri,4.43,0
75,Zootropolis - Hayvanlar Şehri - Küçük Kemirgen Kasabasında Büyük Sorun,Disney Books,ÇOCUK,Hayvanlar Alemi,Çizgi Film Kitapları,4.33,0
76,Mızıkacı Arı ve Çiçekler Topluluğu,Yüksel Yokolma,ÇOCUK,3-6 yaş arası,Hayvanlar Alemi,4.46,0
77,Yazıyı Bulan Çocuk,Sinan Yaşar,ÇOCUK,6-9 yaş arası,Tarih - Gençlik/Çocuk,4.67,0
78,Elflerin Kaderi 1: Demir Zırhlı Savaşçılar,Peter Gotthardt,ÇOCUK,9-12 yaş arası,Bilim Kurgu & Fantastik - Gençlik,4.49,0
79,Nick ve Tesla'nın Casus Oyunları,Steve Hockensmith,ÇOCUK,6-9 yaş arası,Macera - Gençlik,4.62,0
80,"Güzel Yavrum, Uykun Gelmedi mi?",Nihan Tanrıyakul,ÇOCUK,3-6 yaş arası,Çocuklar İçin Keyifli Kitaplar,4.48,0
81,Rapunzel'in Hikayesi,Disney Books,ÇOCUK,6-9 yaş arası,Disney Prensesleri,4.67,0
82,Arkadaşım Olur musun?,Hazal Uzuner,ÇOCUK,9-12 yaş arası,Arkadaşlık,4.63,0
83,Çok Uslu Yaramazlar 3- Öğretmenin Sürprizi,Aytül Akal,ÇOCUK,6-9 yaş arası,Arkadaşlık,4.83,0
84,Sefiller - Kısaltılmış Metin,Victor Hugo,ÇOCUK,Fransız Edebiyatı,Fransız Klasikleri,4.73,0
85,Mavi Minik Kampçı,Ayşe Bakırcı Yücer,ÇOCUK,0-3 Yaş arası,3-6 yaş arası,4.47,0
86,Kameradaki Kedi,Fadime Erezer,ÇOCUK,6-9 yaş arası,Çocuklar İçin Keyifli Kitaplar,4.59,0
87,Pinokyo,Disney Books,ÇOCUK,6-9 yaş arası,Çizgi Film Kitapları,4.37,0
88,Ah Bir Kedi Olsam,Buket Uzuner,ÇOCUK,6-9 yaş arası,Tüm aile için,4.67,0
89,Köpekleri Seven Kedi - Armut Kafa Ailesinin Serüvenleri,Mavisel Yener,ÇOCUK,3-6 yaş arası,Çocuklar İçin Keyifli Kitaplar,4.41,0
90,"Uzun Kulaklı, Şaşı Gözlü, Kısa Kuyruklu Cesur Tavşan",Dmitriy Nakrisoviç Mamin-Sibiryak,ÇOCUK,3-6 yaş arası,Çocuklar İçin Keyifli Kitaplar,4.47,0
91,Ben Cosmo,Carlie Sorosiak,ÇOCUK,9-12 yaş arası,Hayvanlar Alemi,4.6,0
92,Doğu Ekspresinde Cinayet,Agatha Christie,POLİSİYE,Keyifli,Popüler Kitaplar,4.67,0
93,Çarpık Evdeki Cesetler,Agatha Christie,POLİSİYE,Klasik Polisiye Kitapları,İngiliz Edebiyatı,4.44,0
94,On Kişiydiler (On Küçük Zenci),Agatha Christie,POLİSİYE,Popüler Kitaplar,Gizem,4.58,0
95,Ölüm Sessiz Geldi,Agatha Christie,POLİSİYE,Çağdaş Polisiye Kitapları,İngiliz Edebiyatı,4.25,0
96,Kayıp Tanrılar Ülkesi,Ahmet Ümit,POLİSİYE,Arkeoloji,Çağdaş Polisiye Kitapları,4.49,0
97,Sahte Sultan,Mahfi Eğilmez,POLİSİYE,Keyifli,Gizem,4.34,0
98,Fare Kapanı,Agatha Christie,POLİSİYE,Keyifli,Gizem,4.14,0
99,Beyoğlu'nun En Güzel Abisi,Ahmet Ümit,POLİSİYE,İstanbul,Dedektif romanları,4.51,0
100,Kavim,Ahmet Ümit,POLİSİYE,Dedektif romanları,Türk Edebiyatı,4.57,0
101,Kan ve Gül,Alper Canıgüz,POLİSİYE,İstanbul,Türk Edebiyatı,4.34,0
102,Yanmış Adam: Türklerin Sherlock Holmes'ü Amanvermez Avni 1,Ebüssüreyya Sami,POLİSİYE,Keyifli,Dedektif romanları,4.23,0
103,Karanlık Yüz: Kurt Wallander Serisi - 1,Henning Mankell,POLİSİYE,Keyifli,Çağdaş Polisiye Kitapları,4.02,0
104,Cerrah,Tess Gerritsen,POLİSİYE,Psikolojik Gerilim,Gerilim,4.28,0
105,Bir Sırrım Var,Tess Gerritsen,POLİSİYE,Çağdaş Polisiye Kitapları,Amerikan Edebiyatı,4.48,0
106,Kapalıçarşı Cinayeti,Esra Türkekul,POLİSİYE,Keyifli,İstanbul,4.02,0
107,Agatha'nın Anahtarı,Ahmet Ümit,POLİSİYE,Dedektif romanları,Türk Edebiyatı,3.95,0
108,Yanlış Yol: Kurt Wallander Serisi - 5,Henning Mankell,POLİSİYE,İsveç,Nordik Noir,4.67,0
109,Keman Sesi - Komiser Montalbano 4,Andrea Camilleri,POLİSİYE,Dedektif romanları,İtalya,4.48,0
110,Sherlock Holmes - Kızıl Dosya,Sir Arthur Conan Doyle,POLİSİYE,Dedektif romanları,İngiliz Edebiyatı,4.42,0
111,Şeytan Ayrıntıda Gizlidir,Ahmet Ümit,POLİSİYE,Dedektif romanları,Türk Edebiyatı,4.09,0
112,Sultanı Öldürmek,Ahmet Ümit,POLİSİYE,Dedektif romanları,Türk Edebiyatı,4.41,0
113,Cadıbostanı Cinayeti,Esra Türkekul,POLİSİYE,İstanbul,Keyifli,4.31,0
114,Aşkımız Eski Bir Roman,Ahmet Ümit,POLİSİYE,Keyifli,Cinayet,4.29,0
115,Arı Kovanına Çomak Sokan Kız,Stieg Larsson,POLİSİYE,Keyifli,Ekrana Uyarlanmış Kitaplar,4.73,0
116,İstanbul Hatırası,Ahmet Ümit,POLİSİYE,İstanbul,Dedektif romanları,4.49,0
117,Kızıl Nehirler,Jean-Christophe Grangé,POLİSİYE,Fransız Edebiyatı,Macera / Aksiyon,4.53,0
118,Küllerin Günü,Jean-Christophe Grangé,POLİSİYE,Çağdaş Polisiye Kitapları,Fransız Edebiyatı,4.17,0
119,Sherlock Holmes - Akıl Oyunlarının Gölgesinde,Sir Arthur Conan Doyle,POLİSİYE,Suçlular,Mafya ve Organize Suçlar,4.2,0
120,Son Av,Jean-Christophe Grangé,POLİSİYE,Fransız Edebiyatı,Gizem,4.26,0
121,Cinayet A.Ş.,Ayşe Erbulak,POLİSİYE,Türk Edebiyatı,Kadın Edebiyatı,4.15,0
122,Beyaz Aslan: Kurt Wallander Serisi - 3,Henning Mankell,POLİSİYE,İsveç,Nordik Noir,4.49,0
123,Gülümseyen Adam: Kurt Wallander Serisi - 4,Henning Mankell,POLİSİYE,Çağdaş Polisiye Kitapları,Nordik Noir,4.58,0
124,Kurtlar İmparatorluğu,Jean-Christophe Grangé,POLİSİYE,Fransız Edebiyatı,Çağdaş Polisiye Kitapları,4.38,0
125,Ejderha Dövmeli Kız,Stieg Larsson,POLİSİYE,Ekrana Uyarlanmış Kitaplar,İskandinav Edebiyatı,4.66,0
126,Bıçak,Jo Nesbø,POLİSİYE,Sürükleyici,Norveç Edebiyatı,4.73,0
127,Hamamböcekleri,Jo Nesbø,POLİSİYE,Suçlular,Mafya ve Organize Suçlar,4.11,0
128,Saklı Çocuk,Camilla Läckberg,POLİSİYE,Suçlular,Dedektif romanları,4.33,0
129,Rehine,Tess Gerritsen,POLİSİYE,Hastane,Çağdaş Polisiye Kitapları,4.46,0
130,Ecel Çiçekleri,Elçin Poyrazlar,POLİSİYE,İstanbul,Cinayet,4.16,0
131,Yarasa,Jo Nesbø,POLİSİYE,Dedektif romanları,Mirgün Cabas'ın Kitaplığından,3.91,0
132,Ateş Etme İstanbul,Celil Oker,POLİSİYE,İstanbul,Keyifli,4.3,0
133,Rol Çalan Ceset,Celil Oker,POLİSİYE,İstanbul,Keyifli,4.11,0
134,Leyleklerin Uçuşu,Jean-Christophe Grangé,POLİSİYE,Fransız Edebiyatı,Gizem,4.56,0
135,Buz Prenses,Camilla Läckberg,POLİSİYE,İskandinav Edebiyatı,Nordik Noir,4.31,0
136,Ölü Ruhlar Ormanı,Jean-Christophe Grangé,POLİSİYE,Cinayet,Psikolojik Gerilim,4.17,0
137,Arsen Lüpen Sherlock Holmes'a Karşı,Maurice Leblanc,POLİSİYE,Sherlock Holmes,Ekrana Uyarlanmış Kitaplar,4.48,0
138,Riga’nın Köpekleri: Kurt Wallander Serisi - 2,Henning Mankell,POLİSİYE,İsveç,Nordik Noir,4.2,0
139,Deniz Kızı,Camilla Läckberg,POLİSİYE,Suçlular,Dedektif romanları,4.35,0
140,Ateşle Oynayan Kız,Stieg Larsson,POLİSİYE,Ekrana Uyarlanmış Kitaplar,İskandinav Edebiyatı,4.71,0
141,Öldüren Roman,Baytan Uğur Yem,POLİSİYE,Polis,Çağdaş Polisiye Kitapları,4.32,0
142,Kaiken,Jean-Christophe Grangé,POLİSİYE,Japonya,Fransa,4.43,0
143,Vaiz,Camilla Läckberg,POLİSİYE,Suçlular,Dedektif romanları,4.23,0
144,Yabancı,Camilla Läckberg,POLİSİYE,Dedektif romanları,İskandinav Edebiyatı,4.3,0
145,Peygamber Cinayetleri,Mehmet Murat Somer,POLİSİYE,Gizem,LGBTQ+,4.01,0
146,Leopar,Jo Nesbø,POLİSİYE,İskandinav Edebiyatı,Norveç Edebiyatı,4.56,0
147,Ölüler de Yalan Söyler,Hüseyin Ekinci,POLİSİYE,Çağdaş Polisiye Kitapları,Türk Edebiyatı,3.96,0
148,Arsene Lüpen - Centilmen Hırsız,Maurice Leblanc,POLİSİYE,Ekrana Uyarlanmış Kitaplar,Keyifli,4.53,0
149,Susuzluk,Jo Nesbø,POLİSİYE,Norveç Edebiyatı,İskandinav Edebiyatı,4.68,0
150,Suyun Şekli - Komiser Montalbano 1,Andrea Camilleri,POLİSİYE,İtalyan Edebiyatı,İtalya,3.74,0
151,Kızılgerdan,Jo Nesbø,POLİSİYE,Dedektif romanları,İskandinav Edebiyatı,4.22,0
152,Kardan Adam,Jo Nesbø,POLİSİYE,Ekrana Uyarlanmış Kitaplar,Kış,4.48,0
153,Her Şeyi Bitirmeyi Düşünüyorum,Iain Reid,POLİSİYE,Ekrana Uyarlanmış Kitaplar,Kış,3.56,0
154,Polis,Jo Nesbø,POLİSİYE,İskandinav Edebiyatı,Norveç Edebiyatı,4.57,0
155,Yedi Eksi Bir,Arne Dahl,POLİSİYE,İskandinav Edebiyatı,Nordik Noir,4.29,0
156,Morgue Sokağı Cinayeti,Edgar Allan Poe,POLİSİYE,Korku,Dedektif romanları,3.82,0
157,"Paranın psikolojisi: Servet, açgözlülük ve mutluluk üzerine sonsuza dek değişmeyecek dersler",Morgan Housel,İŞ KİTAPLARI,Parasal Konular,Psikoloji,4.55,0
158,Küçük İşler Büyük Özgürlükler,Mert Basaran,İŞ KİTAPLARI,Parasal Konular,İlham Verici,4.68,0
159,Babil’in En Zengin Adamı,George S. Clason,İŞ KİTAPLARI,Ekonomi,Girişimcilik,4.59,0
160,"Zengin Baba Yoksul Baba: Zenginler Çocuklarına, Orta Sınıf ve Alt Sınıfın Parayla İlgili Öğretmediği Neyi Öğretiyor?",Robert T. Kiyosaki,İŞ KİTAPLARI,İş dünyası,Ekonomi,4.67,0
161,Bir Borsa Spekülatörünün Anıları,Edvin Lefevre,İŞ KİTAPLARI,Anı,Parasal Konular,4.53,0
162,Outliers (Çizginin Dışındakiler) - Bazı İnsanlar Neden Daha Başarılı Olur?,Malcolm Gladwell,İŞ KİTAPLARI,Başarıya Giden Yol,Eğitici,4.56,0
163,Ye O Kurbağayı!,Brian Tracy,İŞ KİTAPLARI,Motive Edici,Verimlilik,4.46,0
164,"Zamanınızı Değil, Enerjinizi Yönetin",Tony Schwartz,İŞ KİTAPLARI,Kariyer,Eğitici,4.12,0
165,Kendini Yönetmek,Peter F. Drucker,İŞ KİTAPLARI,Kariyer,Kendine ayırdığın zaman,4.01,0
166,Nakit Akışı Ölçüm Çeyreği: Zengin Baba'nın Mali Özgürlük Rehberi,Robert T. Kiyosaki,İŞ KİTAPLARI,Parasal Konular,Kariyer,4.69,0
167,Zengin Baba Finansal IQ’nuzu Artırıyor: Paranızı Daha Akıllıca Kullanın,Robert T. Kiyosaki,İŞ KİTAPLARI,İş dünyası,Ekonomi,4.53,0
168,İkna Etme Biliminde Ustalaşmak,Robert B. Cialdini,İŞ KİTAPLARI,Kariyer,Eğitici,4.03,0
169,Stresi Yenmek ve Dikkatinizi Toplamak İçin Duygusal Zekadan Nasıl Yararlanırsınız ?,Kandi Wiens,İŞ KİTAPLARI,İş dünyası,Stres,3.83,0
170,Warren Buffett Tarzı,Robert G. Hagstrom JR,İŞ KİTAPLARI,İş dünyası,Eğitici,4.55,0
171,Tarihsel Süreç İçinde Dünya Ekonomisi,Mahfi Eğilmez,İŞ KİTAPLARI,Ekonomi,Eğitici,4.43,0
172,İktisada Yeniden Giriş,Emre Alkin,İŞ KİTAPLARI,Ekonomi,Parasal Konular,4.4,0
173,Mavi Okyanus Stratejisi,W. Chan Kim,İŞ KİTAPLARI,Kariyer,Eğitici,4.17,0
174,Duygusal Çeviklik,Susan David,İŞ KİTAPLARI,Kariyer,Eğitici,3.96,0
175,Lideri Lider Yapan Nedir?,Daniel Goleman,İŞ KİTAPLARI,Kariyer,Eğitici,4.21,0
176,Mindfulness,HBR,İŞ KİTAPLARI,Başarıya Giden Yol,Farkındalık,3.89,0
177,Örneklerle Kolay Ekonomi,Mahfi Eğilmez,İŞ KİTAPLARI,Ekonomi,Eğitici,4.35,0
178,Sosyal Zeka ve Liderliğin Biyolojisi,Daniel Goleman,İŞ KİTAPLARI,Kariyer,Liderlik,4.07,0
179,Parasal Konularda Yaptığımız Hatalar,Attila Köksal,İŞ KİTAPLARI,Ekonomi,Eğitici,4.44,0
180,Borsada Oynanmaz,Murat Sağman,İŞ KİTAPLARI,Ekonomi,Parasal Konular,4.5,0
181,İşini Hızlı Yapmak,Kasra Ferdows,İŞ KİTAPLARI,İş Makaleleri,Eğitici,4.05,0
182,Geleceğe Yatırım,CFA - Hakan Osmanoğlu,İŞ KİTAPLARI,Ekonomi,Eğitici,4.22,0
183,Sahici Bir Konuşmacı Nasıl Olunur?,Nick Morgan,İŞ KİTAPLARI,Kariyer,Eğitici,3.75,0
184,Davut ve Golyat,Malcolm Gladwell,İŞ KİTAPLARI,İş dünyası,Eğitici,4.26,0
185,Buyology,Martin Lindstrom,İŞ KİTAPLARI,Girişimcilik,Eğitici,4.28,0
186,Konuşmanın Gücü,Deborah Tannen,İŞ KİTAPLARI,Kariyer,Eğitici,3.88,0
187,İnsanları İkna Etmek,HBSP,İŞ KİTAPLARI,İş,Kariyer,3.86,0
188,Sınırsız Güç: Kişisel Başarıda Zirveye Ulaşmanın Yolu,Tony Robbins,İŞ KİTAPLARI,İş dünyası,Liderlik,4.48,0
189,Vitaminli Ekonomiks,Barış Esen,İŞ KİTAPLARI,İş dünyası,Ekonomi,4.57,0
190,İş Yaşamında 100 Kanguru,Ahmet Şerif İzgören,İŞ KİTAPLARI,İş Hayatı,Eğitici,4.59,0
191,Saçmalama: Davranışsal Finans,Hakan Özerol,İŞ KİTAPLARI,İş dünyası,Ekonomi,4.16,0
192,İkna Bilminin Kullanılması,Robert Cialdini,İŞ KİTAPLARI,İş Makaleleri,İş dünyası,4.26,0
193,Veri ve Rakamları Satma Zamanı ve Duygulara Hitap Etme Zamanı,Michael D. Harris,İŞ KİTAPLARI,İş dünyası,İş Makaleleri,4.42,0
194,Öykü Anlatmak,Stephen Denning,İŞ KİTAPLARI,Kariyer,Eğitici,3.57,0
195,Stres Dolu Karşılıklı Konuşmaların Stresini Almak,Holly Weeks,İŞ KİTAPLARI,Kariyer,Eğitici,3.84,0
196,Kendinizi Yönetmek,HBR,İŞ KİTAPLARI,İş,Kariyer,4.08,0
197,Boşa Gitmesin,Orhan Erdem,İŞ KİTAPLARI,Ekonomi,Eğitici,4.27,0
198,Yöneticinin El Kitabı,Harvard,İŞ KİTAPLARI,İlham Verici,Eğitici,4.14,0
199,İyi Liderler Neden Kötü Kararlar Alırlar?,Sydney Finkelstein,İŞ KİTAPLARI,Kariyer,Liderlik,3.86,0
200,Adil Olmak Neden Bu Kadar Zor,Joel Brockner,İŞ KİTAPLARI,Kariyer,Eğitici,4.15,0
201,Koçluk,HBSP,İŞ KİTAPLARI,İş,Kariyer,3.83,0
202,Yeni Yönetici Olmak,HBSP,İŞ KİTAPLARI,İş,Kariyer,4.09,0
203,Büyük Veri İş Başında,Bernard Marr,İŞ KİTAPLARI,İş dünyası,Teknoloji,4.2,0
204,Kancaya Takılınca: Alışkanlık Yaratan Ürünler Nasıl Geliştirilir?,Nir Eyal,İŞ KİTAPLARI,Satış ve Pazarlama,Pazarlama,4.5,0
205,"Başarılı Zaman Yönetimi: Planlı ve Üretken Olmak, İşleri Tamamlamak için Stratejiler",Patrick Forsyth,İŞ KİTAPLARI,Yeni Yıl Hedefleri,Verimlilik,3.6,0
206,Pazarlama 4.0,Philip Kotler,İŞ KİTAPLARI,Ekonomi,Eğitici,4.02,0
207,Emtia Yatırımcılığının Küçük Kitabı,John Stephenson,İŞ KİTAPLARI,Ekonomi,Eğitici,4.03,0
208,İyi Satıcı Olmak,Hakan Okay,İŞ KİTAPLARI,İş dünyası,Satış ve Pazarlama,3.78,0
209,Satışın 10 Altın Kuralı,A. Taner Özdeş,İŞ KİTAPLARI,Satış ve Pazarlama,İş dünyası,4.3,0
210,Sağduyulu Yatırım Rehberi,John C. Bogle,İŞ KİTAPLARI,Ekonomi,Parasal Konular,4.2,0
211,Strateji Nedir?,Michael E. Porter,İŞ KİTAPLARI,Kariyer,Girişimcilik,4.08,0
212,Plan Yapmaktan Vazgeçin; Karar Almaya Başlayın,Richard Steele,İŞ KİTAPLARI,Kariyer,Eğitici,3.53,0
213,5. Seviye Liderliği,Jim Collins,İŞ KİTAPLARI,Kariyer,Liderlik,4.29,0
214,Farklılaş ya da Öl,Jack Trout,İŞ KİTAPLARI,Satış ve Pazarlama,Pazarlama,4.67,0
215,Genç Bir İşadamına,Emre Yılmaz,İŞ KİTAPLARI,Girişimcilik,İş dünyası,4.28,0
216,Kriz Yönetimi,HBSP,İŞ KİTAPLARI,İş,Kariyer,3.92,0
217,"Blokzincir, Kripto Paralar, Bitcoin",Dr. Vedat Güven,İŞ KİTAPLARI,Kripto Paralar,Ekonomi,4.18,0
218,Duygusal Zeka Ve Liderlik,Daniel Goleman,İŞ KİTAPLARI,Liderlik,Duygusal Zeka,4.64,0
219,Blok Zinciri – Dijital Dönüşüm,HBPR,İŞ KİTAPLARI,Dijital Çağ,Eğitici,4.17,0
220,50 Yıllık Hayal Bitcoin,Tuna Özen,İŞ KİTAPLARI,İş dünyası,Ekonomi,4.28,0
221,Yeni Nesil İş Modeli,Fatih Anıl,İŞ KİTAPLARI,İş dünyası,İş,4.0,0
222,Yöneticilerin Her Gün Yapması Gereken Üç Şey,Linda A. Hill,İŞ KİTAPLARI,İş Makaleleri,İş dünyası,3.91,0
223,İnsanları Etkileyen Bir Hikâye Anlatımı,Robert McKee,İŞ KİTAPLARI,İş Makaleleri,İş dünyası,3.92,0
224,Radical Candor,Kim Scott,İŞ KİTAPLARI,Kariyer,Liderlik,4.3,0
225,"Paranın 365 Günü: Corona'dan Borsalara, Osmanlı'dan Google'a",Ali Perşembe,İŞ KİTAPLARI,Ekonomi,Parasal Konular,4.03,0
226,"Daha İyi Bir Lider Olun, Daha Zengin Bir Hayatınız Olsun",Stewart D. Friedman,İŞ KİTAPLARI,Kariyer,Liderlik,3.8,0
227,Amirinizi Yönetmek,John P. Kotter,İŞ KİTAPLARI,Kariyer,Eğitici,3.82,0
228,Dijital Çağda Marka Çalışması,David C. Edelman,İŞ KİTAPLARI,Kariyer,Girişimcilik,3.65,0
229,Liderliğin Temeli,Daniel Goleman,İŞ KİTAPLARI,Kariyer,Liderlik,4.11,0
230,Duygusal Zeka,HBR,İŞ KİTAPLARI,İş,Kariyer,4.0,0
231,Strateji,HBR,İŞ KİTAPLARI,İş,Kariyer,3.68,0
232,Zaman Yönetimi,HBSP,İŞ KİTAPLARI,İş,Eğitici,3.71,0
233,Ekonomiyle İlgili Her Şey,Faruk Türkoğlu,İŞ KİTAPLARI,Ekonomi,Eğitici,3.95,0
234,Robotların Yükselişi,Martin Ford,İŞ KİTAPLARI,Ekonomi,Eğitici,4.5,0
235,İnsanın Anlam Arayışı,Viktor E. Frankl,KURGU DIŞI,Psikoloji,Felsefe,4.52,0
236,Dört Anlaşma: Toltek Bilgelik Kitabı,Don Miguel Ruiz,KURGU DIŞI,Spiritüel,"Zihin, Beden ve Ruh",4.49,0
237,Kozmos: Evrenin ve Yaşamın Sırları,Carl Sagan,KURGU DIŞI,Popüler Bilim,Uzay,4.76,0
238,Tanrılar Okulu,Stefano D'Anna,KURGU DIŞI,Felsefe,Biliyorum Ben O kitabı!,4.21,0
239,Sapiens,Yuval Noah Harari,KURGU DIŞI,Bilim,Kültür,4.41,0
240,İnsan Olmak,Engin Geçtan,KURGU DIŞI,Psikanaliz,Psikoloji,4.67,0
241,Bir Kediyi Terk Etmek - Babam Hakkında,Haruki Murakami,KURGU DIŞI,Anı,Japon Edebiyatı,4.14,0
242,Kardeşini Doğurmak,Büşra Sanay,KURGU DIŞI,Eğitici,Akıllara Durgunluk Getiren,4.83,0
243,Bir Psikiyatristin Gizli Defteri,Dr. Gary Small,KURGU DIŞI,Psikoloji,Eğitici,4.44,0
244,Mutsuz Olmak: Bir Yüreklendirme,Wilhelm Schmid,KURGU DIŞI,Felsefe,Mutluluk,4.34,0
245,İFA: İnsanın Fabrika Ayarları - 1. Kitap: Beden,Sinan Canan,KURGU DIŞI,Popüler Bilim,Eğitici,4.61,0
246,Anka Kuşu,Yılmaz Özdil,KURGU DIŞI,Politika,Türk Tarihi,4.83,0
247,Kendiyle Dost Olmak,Wilhelm Schmid,KURGU DIŞI,Felsefe,Kendine ayırdığın zaman,4.21,0
248,Evrak Kürek : Sektörden Arkadaşlara Giriş 101: Sektörden Arkadaşlara Giriş 101,Selçuk Aydemir,KURGU DIŞI,Komik,Keyifli,4.72,0
249,Karlsbad Hatıralarım,Mustafa Kemal Atatürk,KURGU DIŞI,Anı,Mustafa Kemal Atatürk,4.78,0
250,Gülünün Solduğu Akşam,Erdal Öz,KURGU DIŞI,Anı,Türkiye,4.8,0
251,Homo Deus,Yuval Noah Harari,KURGU DIŞI,Bilim,Kültür,4.45,0
252,Aşkın Metafiziği,Arthur Schopenhauer,KURGU DIŞI,Felsefe,Alman Edebiyatı,4.11,0
253,21. Yüzyıl için 21 Ders,Yuval Noah Harari,KURGU DIŞI,Kültür,Popüler Bilim,4.29,0
254,Safsatalar Ansiklopedisi,Immanuel Tolstoyevski,KURGU DIŞI,Felsefe,Popüler Bilim,4.66,0
255,Sakin Olmak: Yaşlanırken Kazandıklarımız,Wilhelm Schmid,KURGU DIŞI,Felsefe,Sakinlik,4.31,0
256,Hayatın Sesi,Gülseren Budayıcıoğlu,KURGU DIŞI,Duygular,Psikoloji,4.17,0
257,Hayat,Engin Geçtan,KURGU DIŞI,Psikanaliz,Psikoloji,4.69,0
258,Yürümenin Felsefesi,Frédéric Gros,KURGU DIŞI,Kültür,Felsefe,4.03,0
259,Cehenneme Övgü,Gündüz Vassaf,KURGU DIŞI,Biliyorum Ben O kitabı!,Denemeler,4.56,0
260,Tembellik Hakkı,Paul Lafargue,KURGU DIŞI,Fransız Klasikleri,Felsefe,4.23,0
261,Japonların Kadim Beslenme Sırrı,Yoshinori Nagumo,KURGU DIŞI,Beslenme,Sağlık,4.46,0
262,Denemeler,Montaigne,KURGU DIŞI,Denemeler,Kültür,4.63,0
263,Hacı Komünist,Ferhan Şensoy,KURGU DIŞI,Denemeler,Keyifli,4.71,0
264,Dokunmanın Gücü Üzerine,Wilhelm Schmid,KURGU DIŞI,Felsefe,İlişkiler,4.58,0
265,Bir Dinozorun Gezileri,Mina Urgan,KURGU DIŞI,Gezmek,Gezi Kitapları,4.73,0
266,Seks Olmayınca: Yeniden Başlama Sanatı Üzerine,Wilhelm Schmid,KURGU DIŞI,Felsefe,Seks ve İlişkiler,3.96,0
267,Her İnsan Gördüğü Rüyanın Tabiridir - Sigmund Freud,Sigmund Freud,KURGU DIŞI,Felsefe,Psikoloji,4.23,0
268,Nutuk,Mustafa Kemal Atatürk,KURGU DIŞI,Eğitici,Motive Edici,4.92,0
269,Kusursuz Cinayet Yoktur,Sevil Atasoy,KURGU DIŞI,Polis,Adli tıp,4.42,0
270,İnsanı Tanıma Sanatı,Alfred Adler,KURGU DIŞI,Psikoloji,Eğitici,4.36,0
271,Ey Oğul,İmam Gazali,KURGU DIŞI,Din,Eğitici,4.67,0
272,Mikrobiyota - Beyinde Ararken Bağırsakta Buldum,Serkan Karaismailoğlu,KURGU DIŞI,Tıp,Sağlık,4.52,0
273,İz Bıraktığın Kadar Varsın,Esra Ezmeci,KURGU DIŞI,İlişkiler,Psikoloji,4.21,0
274,Warren Buffett - Aforizmalar,Warren Buffett,KURGU DIŞI,Alıntılar,Motivasyon & İlham,4.44,0
275,Incognito - Beynin Gizli Hayatı,David Eagleman,KURGU DIŞI,Psikoloji,Popüler Bilim,4.22,0
276,Unutma Mutlu Bir Hayat Çok Az Şeye Bağlıdır - Marcus Aurelius,Marcus Aurelius,KURGU DIŞI,Felsefe,Mutluluk,4.66,0
277,Çocukta Rezilyans - Esneklik ve Toparlanabilme Becerisi,Alper Hasanoğlu,KURGU DIŞI,Popüler Kitaplar,Ebeveynlik,4.49,0
278,Olgunlaşmamış Ebeveynlerin Yetişkin Çocukları,Lindsay C. Gibson,KURGU DIŞI,Ebeveynlik,Ebeveynler İçin Kitaplar,4.59,0
279,Kalbinde İyilik Biriktirenin Yolu Hep Açıktır - Şems-i Tebrizi,Ferhat Atik,KURGU DIŞI,Felsefe,Umut Veren,4.55,0
280,Eski Dünya Seyahatnamesi,İlber Ortaylı,KURGU DIŞI,Eğitici,Seyahatnameler,4.63,0
281,Komünist Manifesto,Karl Marx,KURGU DIŞI,Politika,Yasaklanmış veya Sansürlenmiş,4.28,0
282,Haysiyet: Tuhaf Zamanlarda Cesurca Yaşamak,Ece Üner,KURGU DIŞI,Motivasyon & İlham,Denemeler,4.51,0
283,Hızlı ve Yavaş Düşünme,Daniel Kahneman,KURGU DIŞI,Motivasyon & İlham,Psikoloji,4.73,0
284,Sahip Olmak ya da Olmak,Erich Fromm,KURGU DIŞI,Felsefe,Hayatın kuralları,4.7,0
285,Yetişin Çocuklar,Selçuk Şirin,KURGU DIŞI,Ebeveynlik,Aile ve Çocuk,4.66,0
286,"Başkaldırıyorum, O Halde Varız! - Albert Camus",Albert Camus,KURGU DIŞI,Felsefe,Fransız Edebiyatı,4.28,0
287,Her Şeye Sahipsiniz Kendiniz Hariç! - Osho,Osho,KURGU DIŞI,Felsefe,Spiritüel,4.58,0
288,Rota Yeniden Oluşturuluyor: Boşanma - Bölüm 0,Perihan Çıragöz,KURGU DIŞI,Podcast,İlişkiler,4.3,0
289,Genç Yazarlar İçin Hikaye Anlatıcılığı Kılavuzu,Celil Oker,KURGU DIŞI,Hikaye Anlatıcılığı,Yaratıcılık,4.49,0
290,İFA : İnsanın Fabrika Ayarları - 2. Kitap: İlişkiler ve Stres,Sinan Canan,KURGU DIŞI,İlişkiler,Evlilik,4.64,0
291,Çocuklukta İhmalin İzi: Boşluk Hissi,Christine Musello,KURGU DIŞI,Aile ve Çocuk,Ebeveynlik,4.58,0
292,Coğrafya Kaderdir - İbni Haldun,Mesud Topal,KURGU DIŞI,Felsefe,Eğitici,4.57,0
293,Kendisinin Efendisi Olmayan Hiç Kimse Özgür Değildir - Epiktetos,Epiktetos,KURGU DIŞI,Felsefe,Kendine ayırdığın zaman,4.52,0
294,İnsanın Kendini Yenmesi En Büyük Zaferdir - Platon,Plato,KURGU DIŞI,Felsefe,Kendine ayırdığın zaman,4.6,0
295,Göğü Delen Adam,Eric Scheurmann,KURGU DIŞI,Felsefe,Sosyoloji,4.27,0
296,Kadın Beyni Erkek Beyni,Serkan Karaismailoğlu,KURGU DIŞI,Keyifli,Eğitici,4.51,0
297,Karl Marx ve Marksizm Üzerine,Vladimir İlyiç Lenin,KURGU DIŞI,Felsefe,Politika,4.25,0
298,Güzel Bir Hayat,J.K. Rowling,KURGU DIŞI,Yaz tatili yolculukları için ideal,Denemeler,4.14,0
299,İlber Ortaylı Seyahatnamesi - Bir Tarihçinin Gezileri,İlber Ortaylı,KURGU DIŞI,Kültür,Gezmek,4.24,0
300,Beni Ödülle Cezalandırma,Özgür Bolat,KURGU DIŞI,Ebeveynlik,Aile ve Çocuk,4.64,0
301,Savaş Sanatı,Sun Tzu,KURGU DIŞI,Politika,İlham Verici,4.17,0
302,Mavi Sürgün,Halikarnas Balıkçısı,KURGU DIŞI,Keyifli,Duygusal,4.81,0
303,Gönlünü Dinle Ama Her İstediğini Verme - Evliya Çelebi,Petunya,KURGU DIŞI,Felsefe,Keyifli,4.31,0
304,İngilizce Bilmeden Hepinizi I Love You,Ferhan Şensoy,KURGU DIŞI,Anı,Mizah,4.73,0
305,Beğendiğiniz Bedenlere Hayalinizdeki Ruhları Koyup Adına Aşk Diyoruz - William Shakespeare,William Shakespeare,KURGU DIŞI,Felsefe,İngiliz Edebiyatı,4.5,0
306,İFA: İnsanın Fabrika Ayarları - 3. Kitap: Sınırları Aşmak,Sinan Canan,KURGU DIŞI,Popüler Bilim,Eğitici,4.65,0
307,Kendine Ait Bir Oda,Virginia Woolf,KURGU DIŞI,Biliyorum Ben O kitabı!,Denemeler,4.38,0
308,Anne Frank'ın Hatıra Defteri,Anne Frank,KURGU DIŞI,Anı,İkinci Dünya Savaşı,4.64,0
309,Mutluluk Hayatın Dirençsiz Akışıdır - Kıbrıslı Zenon,Tufan Kıymaz,KURGU DIŞI,Felsefe,Eğitici,4.42,0
310,Bu İşler İnce İşler: İlişkiler ve Cinsellik Üzerine Denemeler,Özgür Uysal,KURGU DIŞI,Cinsellik,Seks ve İlişkiler,4.25,0
311,Anne Beni İyileştir,M. Barış Muslu,KURGU DIŞI,Ebeveynlik,Ebeveynler İçin Kitaplar,3.84,0
312,Mesleğim Yazarlık,Haruki Murakami,KURGU DIŞI,Yaratıcılık,Motivasyon & İlham,4.75,0
313,Sorularla Büyüyoruz,Özgür Bolat,KURGU DIŞI,Ebeveynlik,Ebeveynler İçin Kitaplar,4.69,0
314,Alkali Diyet,Dr. Ayşegül Çoruhlu,KURGU DIŞI,Beslenme,Sağlık,4.48,0
315,Sıcak Kafa,Afşin Kum,BİLİM KURGU & FANTASTİK,Distopya,Karanlık Kitaplar,4.06,0
316,Kübra,Afşin Kum,BİLİM KURGU & FANTASTİK,Bilim Kurgu,Çağdaş Edebiyat,4.45,0
317,"Ben, Kirke",Madeline Miller,BİLİM KURGU & FANTASTİK,Fantastik,Keyifli,4.58,0
318,Körler Ülkesi,H.G. Wells,BİLİM KURGU & FANTASTİK,Bilim Kurgu,İngiliz Edebiyatı,4.16,0
319,Zaman Makinesi,H.G. Wells,BİLİM KURGU & FANTASTİK,Bilim Kurgu,İngiliz Edebiyatı,4.41,0
320,İnsanlık Deneyi,Erbuğ Kaya,BİLİM KURGU & FANTASTİK,Distopya,Bilim Kurgu,4.67,0
321,Çözülme,Tevfik Uyar,BİLİM KURGU & FANTASTİK,Çağdaş Edebiyat,Türk Edebiyatı,4.55,0
322,Akhilleus'un Şarkısı,Madeline Miller,BİLİM KURGU & FANTASTİK,Fantastik,Mitoloji,4.58,0
323,Fahrenheit 451,Ray Bradbury,BİLİM KURGU & FANTASTİK,Bilim Kurgu,Biliyorum Ben O kitabı!,4.14,0
324,Yedikuleli Mansur,Mehmet Berk Yaltırık,BİLİM KURGU & FANTASTİK,İstanbul,Macera / Aksiyon,4.59,0
325,Kadınlar Ülkesi,Charlotte Perkins Gilman,BİLİM KURGU & FANTASTİK,Kadın Edebiyatı,Bilim Kurgu,4.12,0
326,Erbain Fırtınası - Yedi Kartal Efsanesi 2. Kitap,Saygın Ersin,BİLİM KURGU & FANTASTİK,Fantastik,Sürükleyici,4.81,0
327,Zülfikar'ın Hükmü - Yedi Kartal Efsanesi 1. Kitap,Saygın Ersin,BİLİM KURGU & FANTASTİK,Fantastik,Çağdaş Edebiyat,4.71,0
328,Cthulhu'nun Çağrısı,H.P. Lovecraft,BİLİM KURGU & FANTASTİK,Amerikan Edebiyatı,Bilim Kurgu,3.57,0
329,Ademden Önce,Jack London,BİLİM KURGU & FANTASTİK,Amerikan Edebiyatı,Fantastik,4.24,0
330,Biz,Yevgeni Zamyatin,BİLİM KURGU & FANTASTİK,Rus Edebiyatı,Rus Klasikleri,4.0,0
331,Doktor Moreau’nun Adası,H.G. Wells,BİLİM KURGU & FANTASTİK,Bilim Kurgu,İngiliz Edebiyatı,4.29,0
332,Alaycı Kuş,Walter Tevis,BİLİM KURGU & FANTASTİK,Distopya,Amerikan Edebiyatı,4.51,0
333,Ahtapotun Rüyası,Barış Müstecaplıoğlu,BİLİM KURGU & FANTASTİK,Fantastik,Çağdaş Edebiyat,4.51,0
334,Su Adamı,Aleksandr Belyaev,BİLİM KURGU & FANTASTİK,Bilim Kurgu,Yaz tatili yolculukları için ideal,4.56,0
335,Innsmouth’un Üzerindeki Gölge,H.P. Lovecraft,BİLİM KURGU & FANTASTİK,Bilim Kurgu,Karanlık Kitaplar,4.17,0
336,Dünya'ya Düşen Adam,Walter Tevis,BİLİM KURGU & FANTASTİK,Ekrana Uyarlanmış Kitaplar,Fantastik,4.42,0
337,Görünmez Adam,H.G. Wells,BİLİM KURGU & FANTASTİK,Bilim Kurgu,İngiliz Edebiyatı,4.08,0
338,Deliliğin Dağlarında,H.P. Lovecraft,BİLİM KURGU & FANTASTİK,Bilim Kurgu,Karanlık Kitaplar,3.97,0
339,Karanlıkta Fısıldayan,H.P. Lovecraft,BİLİM KURGU & FANTASTİK,Bilim Kurgu,Korku,3.8,0
340,Av Dönencesi,Büşra Toraman,BİLİM KURGU & FANTASTİK,Wattpad Kitapları,Kış,4.17,0
341,Frankenstein,Mary Shelley,BİLİM KURGU & FANTASTİK,Korku,İngiliz Klasikleri,4.39,0
342,Tanrısız,Mehmet Atılgan,BİLİM KURGU & FANTASTİK,Türk Edebiyatı,Bilim Kurgu,4.13,0
343,Carmilla,J. Sheridan Le Fanu,BİLİM KURGU & FANTASTİK,Karanlık Kitaplar,Korku,3.72,0
344,Kayıp Rota,Özgen Biçgin,BİLİM KURGU & FANTASTİK,Distopya,Spekülatif Kurgu,4.34,0
345,A Court of Thorns and Roses (1 of 2) [Dramatized Adaptation]: A Court of Thorns and Roses 1,Sarah J. Maas,BİLİM KURGU & FANTASTİK,Fantastik,Radyo Tiyatrosu,4.31,0
346,Ölümcül Yumurtalar,Mihail Bulgakov,BİLİM KURGU & FANTASTİK,Kısa Roman (Novella),Bilim Kurgu,4.04,0
347,Dracula,Bram Stoker,BİLİM KURGU & FANTASTİK,Biliyorum Ben O kitabı!,Ekrana Uyarlanmış Kitaplar,4.33,0
348,Dünyalar Savaşı,H.G. Wells,BİLİM KURGU & FANTASTİK,Bilim Kurgu,İngiliz Edebiyatı,4.18,0
349,Kayıp Kıta - Atlantis Efsanesi,C. J. Cutcliffe Hyne,BİLİM KURGU & FANTASTİK,Mitoloji,Fantastik,4.19,0
350,Uzay ve Zaman Hikayeleri,H.G. Wells,BİLİM KURGU & FANTASTİK,Uzay,Fantastik,4.07,0
351,On İki Hikaye ve Bir Rüya,H.G. Wells,BİLİM KURGU & FANTASTİK,Fantastik,Bilim Kurgu,3.32,0
352,Charles Dexter Ward Vakası,H.P. Lovecraft,BİLİM KURGU & FANTASTİK,Amerikan Edebiyatı,Bilim Kurgu,4.33,0
353,Kahramanların Görevi (Felsefe Yüzüğü Serisinin 1. Kitabı),Morgan Rice,BİLİM KURGU & FANTASTİK,Şövalye,Fantastik,4.49,0
354,Efendi Uyanıyor,H.G. Wells,BİLİM KURGU & FANTASTİK,Bilim Kurgu,İngiliz Edebiyatı,4.2,0
355,Zaman Argonotları,H.G. Wells,BİLİM KURGU & FANTASTİK,Bilim Kurgu,İngiliz Edebiyatı,3.97,0
356,The Two Towers,J.R.R. Tolkien,BİLİM KURGU & FANTASTİK,Sürükleyici,Fantastik,4.86,0
357,Conan - 2. Cilt,Robert E. Howard,BİLİM KURGU & FANTASTİK,Fantastik,Savaş,4.68,0
358,A Court of Mist and Fury (1 of 2) [Dramatized Adaptation]: A Court of Thorns and Roses 2,Sarah J. Maas,BİLİM KURGU & FANTASTİK,Radyo Tiyatrosu,Romantik,4.66,0
359,Uzaydan Gelen Renk,H.P. Lovecraft,BİLİM KURGU & FANTASTİK,Amerikan Edebiyatı,Bilim Kurgu,4.17,0
360,Dark Matter,Blake Crouch,BİLİM KURGU & FANTASTİK,Psikolojik Gerilim,Alternatif Tarih,4.16,0
361,The Alchemist,Paulo Coelho,BİLİM KURGU & FANTASTİK,Gezmek,Bill Gates Önerileri,4.34,0
362,Kara Yıldız S01B01 - Köprü,Jesper Ersgård,BİLİM KURGU & FANTASTİK,Karanlık Öyküler,Bilim Kurgu,3.93,0
363,Ejderhaların Yükselişi (Krallar ve Büyücüler - 1. Kitap),Morgan Rice,BİLİM KURGU & FANTASTİK,Ejderhalar,Fantastik,4.75,0
364,Tender is the Flesh,Agustina Bazterrica,BİLİM KURGU & FANTASTİK,Merak Uyandıran,Cadılar Bayramı,4.05,0
365,Nefes,Ted Chiang,BİLİM KURGU & FANTASTİK,Bilim Kurgu,Barack Obama Önerileri,4.37,0
366,Kızıl Yıldız,Aleksandr Bogdánov,BİLİM KURGU & FANTASTİK,Bilim Kurgu,Rus Edebiyatı,4.03,0
367,The Return of the King,J.R.R. Tolkien,BİLİM KURGU & FANTASTİK,Fantastik,Ekrana Uyarlanmış Kitaplar,4.82,0
368,Geri Giden Saat,Edward Page Mitchell,BİLİM KURGU & FANTASTİK,Öykü Derlemesi,Bilim Kurgu,3.75,0
369,The Hitchhiker's Guide to the Galaxy,Douglas Adams,BİLİM KURGU & FANTASTİK,Uzaylılar,İlham Verici,4.45,0
370,The Lies of Locke Lamora,Scott Lynch,BİLİM KURGU & FANTASTİK,Sürükleyici,Arkadaşlık,4.51,0
371,This Is How You Lose The Time War,Max Gladstone,BİLİM KURGU & FANTASTİK,Zaman yolculuğu,Aşk / Sevgi,3.93,0
372,Bir Şeref Haykırışı (Felsefe Yüzüğü 4. Kitap),Morgan Rice,BİLİM KURGU & FANTASTİK,Şövalye,Genç Yetişkin,4.27,0
373,Kralların YürüyüŞü (Felsefe Yüzüğü 2. Kitap),Morgan Rice,BİLİM KURGU & FANTASTİK,Şövalye,Fantastik,4.41,0
374,Kalkan Denizi (Felsefe Yüzüğü 10. Kitabi),Morgan Rice,BİLİM KURGU & FANTASTİK,Şövalye,Genç Yetişkin,4.3,0
375,Silahlarin Teslimi (Felsefe Yüzüğü 8. Kitap),Morgan Rice,BİLİM KURGU & FANTASTİK,Şövalye,Genç Yetişkin,4.43,0
376,Kılıç Ayini (Felsefe Yüzüğü 7. Kitap),Morgan Rice,BİLİM KURGU & FANTASTİK,Şövalye,Genç Yetişkin,4.38,0
377,Ejderhaların Kaderi (Felsefe Yüzüğü 3. Kitap),Morgan Rice,BİLİM KURGU & FANTASTİK,Şövalye,Ejderhalar,4.62,0
378,The Fellowship of the Ring,J.R.R. Tolkien,BİLİM KURGU & FANTASTİK,Fantastik,Ekrana Uyarlanmış Kitaplar,4.63,0
379,Drakula,Bram Stoker,BİLİM KURGU & FANTASTİK,İngiliz Klasikleri,İrlanda Klasikleri,4.39,0
380,The Three-Body Problem,Cixin Liu,BİLİM KURGU & FANTASTİK,Uzaylılar,Bilim Kurgu,4.16,0
381,Elantris (1 of 3) [Dramatized Adaptation],Brandon Sanderson,BİLİM KURGU & FANTASTİK,Sürükleyici,Radyo Tiyatrosu,4.22,0
382,Night Vale’e Hoş Geldiniz,Joseph Fink,BİLİM KURGU & FANTASTİK,Yağmurlu günler için,Fantastik,3.68,0
383,Geliş - Hayatının Hikayeleri ve Diğer Öyküler,Ted Chiang,BİLİM KURGU & FANTASTİK,Ekrana Uyarlanmış Kitaplar,Bilim Kurgu,3.97,0
384,A Clash of Kings,George R.R. Martin,BİLİM KURGU & FANTASTİK,Efsaneler,Fantastik,4.65,0
385,A Game of Thrones,George R.R. Martin,BİLİM KURGU & FANTASTİK,Yaz,Ekrana Uyarlanmış Kitaplar,4.39,0
386,The Long Walk,Stephen King,BİLİM KURGU & FANTASTİK,Korku,Distopya,3.99,0
387,Büyülü Şehir,Edith Nesbit,BİLİM KURGU & FANTASTİK,Fantastik,Büyülü Gerçekçilik,4.0,0
388,Daughter of the Moon Goddess,Sue Lynn Tan,BİLİM KURGU & FANTASTİK,Efsaneler,Asya Edebiyatı,4.15,0
389,Hava Adamı Ariel,Aleksandr Belyaev,BİLİM KURGU & FANTASTİK,Fantastik,Rus Edebiyatı,4.03,0
390,American Gods,Neil Gaiman,BİLİM KURGU & FANTASTİK,Macera / Aksiyon,Efsaneler,4.31,0
391,The Atlas Six,Olivie Blake,BİLİM KURGU & FANTASTİK,Fantastik,Sihir,3.75,0
392,Babel: Or the Necessity of Violence: An Arcane History of The Oxford Translators' Revolution,R.F. Kuang,BİLİM KURGU & FANTASTİK,Alternatif Tarih,#BookTok,4.32,0
393,Babel: Or the Necessity of Violence: An Arcane History of the Oxford Translators’ Revolution,R.F. Kuang,BİLİM KURGU & FANTASTİK,Politika,Çağdaş Edebiyat,4.2,0
394,Carmilla,Joseph Sheridan Le Fanu,BİLİM KURGU & FANTASTİK,Korku,Fantastik,4.03,0
395,Yalancılar İçin Sihir,Sarah Gailey,BİLİM KURGU & FANTASTİK,Sihir,Fantastik,3.99,0
396,Conan - 1. Cilt,Robert E. Howard,BİLİM KURGU & FANTASTİK,Savaş,Fantastik,4.39,0
397,Upgrade,Blake Crouch,BİLİM KURGU & FANTASTİK,Gerilim,Bilim Kurgu,3.94,0
398,Dragon Heart: Book 14: Dwarf City,Kirill Klevanski,BİLİM KURGU & FANTASTİK,Fantastik,Ejderhalar,4.43,0
399,A Court of Thorns and Roses (2 of 2) [Dramatized Adaptation]: A Court of Thorns and Roses 1,Sarah J. Maas,BİLİM KURGU & FANTASTİK,Romantik,Sürükleyici,4.43,0
400,Dördüncü Güneş: Uzay Öyküleri,Leonid Fomin,BİLİM KURGU & FANTASTİK,Bilim Kurgu,Uzay,4.44,0
401,Murder's a Witch,Danielle Garrett,BİLİM KURGU & FANTASTİK,Fantastik,Keyifli,3.92,0
402,Witch's Blade,Jenna Wolfhart,BİLİM KURGU & FANTASTİK,Fantastik,Sürükleyici,4.15,0
403,Dahi Diktatör,A. M. Celal Şengör,TARİH,Eğitici,Denemeler,4.4,0
404,Gılgameş - Uruk'un Ölümsüz Kralı,Robert Krugmann,TARİH,Mitoloji,Keyifli,4.29,0
405,Son Cüret,Yılmaz Özdil,TARİH,Tarih,Türk Tarihi,4.77,0
406,Osmanlı Tarihinde Efsaneler ve Gerçekler,Halil İnalcık,TARİH,Tarih,Türk Tarihi,4.26,0
407,Türkiye'nin Yakın Tarihi,İlber Ortaylı,TARİH,Türk Tarihi,Cumhuriyet,4.18,0
408,Türkler'in Tarihi 1,İlber Ortaylı,TARİH,Türk Tarihi,Cumhuriyet,4.52,0
409,Zeus,Robert Krugmann,TARİH,Mitoloji,Keyifli,4.43,0
410,Artemis,Robert Krugmann,TARİH,Mitoloji,Keyifli,4.27,0
411,Poseidon,Robert Krugmann,TARİH,Mitoloji,Keyifli,4.37,0
412,Defterimden Portreler - Tarihten ve Günümüzden,İlber Ortaylı,TARİH,Bilim,Türk Tarihi,4.24,0
413,Cumhuriyetin İlk Yüzyılı,İlber Ortaylı,TARİH,Cumhuriyet,Eğitici,4.46,0
414,Türk'ün Ateşle İmtihanı,Halide Edib Adıvar,TARİH,Türk Klasikleri,Cumhuriyet,4.69,0
415,Bir Nefeste Dünya Tarihi,Emma Marriot,TARİH,Eğitici,İnsanlık tarihi,4.06,0
416,Bir Nefeste Dünya Mitolojisi,Mark Daniels,TARİH,Mitoloji,Dünya Tarihi,4.14,0
417,Hukuk ve İdare Adamı Olarak Osmanlı Devleti'nde Kadı,İlber Ortaylı,TARİH,Bilim,Türk Tarihi,4.02,0
418,Türklerin Serüveni,Cansu Canan Özgen,TARİH,Türk Tarihi,Cumhuriyet,4.34,0
419,Afrodit,Robert Krugmann,TARİH,Mitoloji,Keyifli,4.34,0
420,Apollon,Robert Krugmann,TARİH,Mitoloji,Keyifli,4.36,0
421,Atatürk ve Demokratik Türkiye,Halil İnalcık,TARİH,Cumhuriyet,Eğitici,4.71,0
422,Türklerin Büyükleri,Cansu Canan Özgen,TARİH,Türkiye,Türk Tarihi,4.51,0
423,İmparatorluktan Cumhuriyete,Halil İnalcık,TARİH,Tarih,Osmanlı Tarihi,4.32,0
424,Türklerin Altın Çağı,İlber Ortaylı,TARİH,Bilim,Türk Tarihi,4.23,0
425,Zamanın Sabrı,Cansel Poyraz Akyol,TARİH,Tarih,Anı,3.78,0
426,Bir Nefeste Cinsellik Tarihi,Karen Dolby,TARİH,İnsanlık tarihi,Cinsellik,3.74,0
427,Dionysos,Robert Krugmann,TARİH,Mitoloji,Keyifli,4.37,0
428,Hephaistos,Robert Krugmann,TARİH,Mitoloji,Keyifli,4.35,0
429,Hera,Robert Krugmann,TARİH,Mitoloji,Keyifli,4.29,0
430,Gelenekten Geleceğe,İlber Ortaylı,TARİH,Tarih,Eğitici,4.42,0
431,Türk Siyasi Tarihi,Prof. Dr. Fahir Armaoğlu,TARİH,Tarih,Türk Tarihi,3.93,0
432,İstanbul'un Pagan Çağı - Bizans Öncesi İstanbul,Erhan Altunay,TARİH,İstanbul,Eğitici,4.18,0
433,Ares,Robert Krugmann,TARİH,Mitoloji,Keyifli,4.25,0
434,Demeter,Robert Krugmann,TARİH,Mitoloji,Keyifli,4.43,0
435,Hermes,Robert Krugmann,TARİH,Keyifli,Mitoloji,4.35,0
436,Athena,Robert Krugmann,TARİH,Keyifli,Mitoloji,4.29,0
437,Bozkırın Kağanlıkları,Ahmet Taşağıl,TARİH,Tarih,Eğitici,4.31,0
438,Herkül - Zeus'un Oğlu,Robert Krugmann,TARİH,Mitoloji,Keyifli,4.33,0
439,"Antik Mısır - Tanrılar, Kahramanlar ve Firavunlar",Frank Henry Brooksbank,TARİH,Mitoloji,Eğitici,4.4,0
440,Kimsesizler Cumhuriyeti,İsmail saymaz,TARİH,Politika,Sosyal Eşitsizlik,4.61,0
441,Bildiğin Gibi Değil: Osmanlı,Mustafa Alp Dağıstanlı,TARİH,Kültür,Osmanlı Tarihi,3.93,0
442,Tarihimizde Garip Vakalar,Reşad Ekrem Koçu,TARİH,Mirgün Cabas'ın Kitaplığından,Osmanlı Tarihi,4.16,0
443,Sultanın Casusları,Emrah Safa Gürkan,TARİH,Tarih,Türk Tarihi,3.96,0
444,Mustafa Kemal,Yılmaz Özdil,TARİH,Kültür,Biyografi,4.55,0
445,Bana Atatürk'ü Anlattılar,Hıfzı Topuz,TARİH,Eğitici,Cumhuriyet,4.73,0
446,Antik Çağdan Geleceğe PARA: Paranın Yazılmamış Tarihi,Dursun Ali Yaz,TARİH,Ekonomi,Eğitici,4.81,0
447,Homo Deus: A Brief History of Tomorrow,Yuval Noah Harari,TARİH,Kültür Tarihi,Spiritüel,4.51,0
448,Dersimiz Atatürk,Turgut Özakman,TARİH,Cumhuriyet,Eğitici,4.67,0
449,İttihat ve Terakki Cemiyeti,Kazım Karabekir,TARİH,Politika,Eğitici,4.24,0
450,Osmanlı Hakimiyetinde Ortadoğu ve Balkanlar,Halil İnalcık,TARİH,Tarih,Orta Doğu,4.48,0
451,Bir Nefeste Büyük Bilim İnsanları,Nicola Chalton,TARİH,Biyografi,Bilim,4.3,0
452,Cumhuriyet,Turgut Özakman,TARİH,Türkiye,Türk Tarihi,4.8,0
453,Seks ve Ceza: Arzuyu Yargılamanın Dört Bin Yıllık Tarihi,Eric Berkowitz,TARİH,Tarih,Seks ve İlişkiler,4.25,0
454,İnönü Atatürk'ü Anlatıyor,Abdi İpekçi,TARİH,Cumhuriyet,Eğitici,4.31,0
455,Osmanlı Toplumunda Aile,İlber Ortaylı,TARİH,Osmanlı Tarihi,Eğitici,4.46,0
456,Osmanlı Padişahları,Reşad Ekrem Koçu,TARİH,Osmanlı Tarihi,Eğitici,4.2,0
457,"Yunan ve Roma Mitolojisi: Tanrılar, Titanlar ve Kahramanlar",Otto Seemann,TARİH,Yunan Mitolojisi,Yunanistan,4.3,0
458,Osmanlı İmparatorluğu'nda Alman Nüfuzu,İlber Ortaylı,TARİH,Osmanlı Tarihi,Eğitici,4.56,0
459,Savaş Günlükleri,Kont Galeazzo Ciano,TARİH,Savaş,Günlük,4.31,0
460,Kalpaklılar - Kısaltılmış Basım,Samim Kocagöz,TARİH,Türkiye,Türk Tarihi,4.88,0
461,Hades,Robert Krugmann,TARİH,Keyifli,Mitoloji,4.27,0
462,Tufan - Yeniden Doğuş,Albert Hirsch,TARİH,Din,Keyifli,4.24,0
463,Antik Yunan Hikâyeleri,George W. Cox,TARİH,Mitoloji,Keyifli,4.11,0
464,Emre Kongar Seçkisiyle Nutuk,Emre Kongar,TARİH,Tarih,Türkiye,4.8,0
465,Sapiens: A Brief History of Humankind,Yuval Noah Harari,TARİH,Kültür Tarihi,İnsanlık tarihi,4.5,0
466,"Osmanlı'da Devlet, Hukuk ve Adalet",Halil İnalcık,TARİH,Osmanlı Tarihi,Eğitici,3.95,0
467,İstanbul'dan Sayfalar,İlber Ortaylı,TARİH,İstanbul,Eğitici,4.73,0
468,Ancient Egypt: History in an Hour,Anthony Holmes,TARİH,Tarih,Eğitici,3.97,0
469,Barbarların Avrupa'yı İstilası,John B. Bury,TARİH,Avrupa,Tarih,4.21,0
470,Babil Mitolojisi: Mezopotamya Efsaneleri ve İnanışları,Leonard William King,TARİH,Mitoloji,Eğitici,4.09,0
471,Boğaç Han - Kazılık Dağı'nın Aslanı,Atilla Dirim,TARİH,Mitoloji,Keyifli,4.31,0
472,Odysseia - Vatana Dönüş,Robert Krugmann,TARİH,Mitoloji,Keyifli,4.39,0
473,Yusuf - Düşlerin Efendisi,Albert Hirsch,TARİH,Din,Keyifli,4.06,0
474,Hint Mitolojisi: Efsaneler ve İnançlar Diyarı,Arthur Berriedale Keith,TARİH,Mitoloji,Efsaneler,3.33,0
475,Lenin'den Atatürk'e Mühürlü Vagon,Hüseyin Hakkı Kahveci,TARİH,Liderlik,Tarih,4.33,0
476,Türkiye'nin Hatıra Defteri,Nebil Özgentürk,TARİH,Kültür,Yazarın sesinden,4.19,0
477,Osmanlı ve Avrupa - Osmanlı Devleti'nin Avrupa Tarihindeki Yeri,Halil İnalcık,TARİH,Osmanlı Tarihi,Eğitici,4.69,0
478,Yedi Ucuz Şey Üzerinden Dünya Tarihi,Raj Patel,TARİH,Eğitici,Dünya Tarihi,4.08,0
479,The Vietnam War: History in an Hour,Neil Smith,TARİH,Savaş,Eğitici,3.84,0
480,George Washington: History in an Hour,David B. McCoy,TARİH,Politika,Savaş Biyografileri,4.04,0
481,Fareler ve İnsanlar,John Steinbeck,KLASİKLER,Biliyorum Ben O kitabı!,Amerikan Klasikleri,4.64,0
482,1984,George Orwell,KLASİKLER,Radyo Tiyatrosu,Toplum,4.68,0
483,İnsan Ne İle Yaşar,Lev Nikolayeviç Tolstoy,KLASİKLER,Rus Klasikleri,Yoksulluk,4.62,0
484,Palto,Nikolay Vasilyeviç Gogol,KLASİKLER,Rus Klasikleri,Biliyorum Ben O kitabı!,4.3,0
485,Satranç,Stefan Zweig,KLASİKLER,Avusturyalı,Biliyorum Ben O kitabı!,4.6,0
486,Dönüşüm,Franz Kafka,KLASİKLER,Çek Klasikleri,Biliyorum Ben O kitabı!,4.12,0
487,Bilinmeyen Bir Kadının Mektubu,Stefan Zweig,KLASİKLER,Avusturyalı,Romantik,4.41,0
488,Beyaz Zambaklar Ülkesinde,Grigoriy Petrov,KLASİKLER,Biliyorum Ben O kitabı!,Rus Klasikleri,4.56,0
489,Suç ve Ceza,Fyodor Dostoyevski,KLASİKLER,Biliyorum Ben O kitabı!,Rus Klasikleri,4.66,0
490,Bir İdam Mahkumunun Son Günü,Victor Hugo,KLASİKLER,Fransız Klasikleri,Fransız Edebiyatı,4.39,0
491,Martin Eden,Jack London,KLASİKLER,Amerikan Edebiyatı,Otobiyografik Romanlar,4.78,0
492,Uğultulu Tepeler,Emily Brontë,KLASİKLER,İngiliz Edebiyatı,İngiliz Klasikleri,4.26,0
493,Dorian Gray'in Portresi,Oscar Wilde,KLASİKLER,Biliyorum Ben O kitabı!,İngiliz Klasikleri,4.43,0
494,Cennetin Doğusu,John Steinbeck,KLASİKLER,Amerikan Klasikleri,Amerikan Edebiyatı,4.79,0
495,İnsan Nedir?,Mark Twain,KLASİKLER,Kültür,Barış Özcan'ın Önerdiği Sesli Kitaplar,4.2,0
496,Genç Werther'in Acıları,Johann Wolfgang von Goethe,KLASİKLER,Hüzünlü,Alman Edebiyatı,4.32,0
497,Kızıl Veba,Jack London,KLASİKLER,Amerikan Klasikleri,Amerikan Edebiyatı,4.28,0
498,Beyaz Geceler,Fyodor Dostoyevski,KLASİKLER,Romantik,Rus Klasikleri,4.38,0
499,Anna Karenina,Lev Nikolayeviç Tolstoy,KLASİKLER,Rus Klasikleri,Ekrana Uyarlanmış Kitaplar,4.61,0
500,Gazap Üzümleri,John Steinbeck,KLASİKLER,Amerikan Klasikleri,Amerikan Edebiyatı,4.71,0
501,Uysal Kız,Fyodor Dostoyevski,KLASİKLER,Kısa Roman (Novella),Klasik öyküler,4.16,0
502,Gurur ve Önyargı,Jane Austen,KLASİKLER,İngiliz Edebiyatı,İngiliz Klasikleri,4.43,0
503,Ağaçlar,Hermann Hesse,KLASİKLER,Ödüllü kitaplar,Alman Edebiyatı,4.19,0
504,Don Kişot,Miguel De Cervantes,KLASİKLER,Biliyorum Ben O kitabı!,İspanyolca Edebiyat,4.31,0
505,Bir Noel Şarkısı,Charles Dickens,KLASİKLER,İngiliz Klasikleri,Yılbaşı,4.46,0
506,Dr. Jekyll ve Mr. Hyde,Robert Louis Stevenson,KLASİKLER,Biliyorum Ben O kitabı!,İngiliz Klasikleri,4.09,0
507,İvan İlyiç'in Ölümü,Lev Nikolayeviç Tolstoy,KLASİKLER,Rus Klasikleri,Kısa Roman (Novella),4.47,0
508,Aile Mutluluğu,Lev Nikolayeviç Tolstoy,KLASİKLER,Bahar Zamanı!,Romantik,4.37,0
509,Ana,Maksim Gorki,KLASİKLER,Biyografik Romanlar,Devrim,4.69,0
510,Jane Eyre,Charlotte Brontë,KLASİKLER,İngiliz Edebiyatı,İngiliz Klasikleri,4.62,0
511,Yeraltından Notlar,Fyodor Dostoyevski,KLASİKLER,Biliyorum Ben O kitabı!,Rus Klasikleri,4.43,0
512,Anadolu Efsaneleri,Halikarnas Balıkçısı,KLASİKLER,Efsaneler,Türk Edebiyatı,4.63,0
513,Büyük Umutlar,Charles Dickens,KLASİKLER,İngiliz Edebiyatı,İngiliz Klasikleri,4.47,0
514,Vahşetin Çağrısı,Jack London,KLASİKLER,Amerikan Klasikleri,Amerikan Edebiyatı,4.38,0
515,80 Günde Devri Alem,Jules Verne,KLASİKLER,Gezmek,Fransız Klasikleri,4.65,0
516,Timsah,Fyodor Dostoyevski,KLASİKLER,Rus Edebiyatı,Mizah,4.15,0
517,Benjamin Button'ın Tuhaf Hikayesi,F. Scott Fitzgerald,KLASİKLER,Kısa Roman (Novella),Amerikan Klasikleri,4.37,0
518,Lüzumsuz Bir Adamın Günlüğü,Ivan Sergeyeviç Turgenyev,KLASİKLER,Rus Klasikleri,Rus Edebiyatı,4.12,0
519,Savaş ve Barış - Cilt 1,Lev Nikolayeviç Tolstoy,KLASİKLER,Biliyorum Ben O kitabı!,Rus Klasikleri,4.58,0
520,Ölü Canlar,Nikolay Vasilyeviç Gogol,KLASİKLER,Rus Klasikleri,Güz / Sonbahar,4.47,0
521,Oliver Twist,Charles Dickens,KLASİKLER,İngiliz Edebiyatı,İngiliz Klasikleri,4.33,0
522,Çocukluğum,Maksim Gorki,KLASİKLER,Hüzünlü,Otobiyografik Romanlar,4.69,0
523,Midas'ın Müritleri,Jack London,KLASİKLER,Amerikan Klasikleri,Amerikan Edebiyatı,3.86,0
524,Yüzbaşının Kızı,Aleksandr Puškin,KLASİKLER,Rus Klasikleri,Keyifli,4.46,0
525,Madam Bovary,Gustave Flaubert,KLASİKLER,Biliyorum Ben O kitabı!,Fransız Klasikleri,4.15,0
526,Vadideki Zambak,Honoré de Balzac,KLASİKLER,Fransız Klasikleri,Fransız Edebiyatı,4.38,0
527,Utopia,Thomas More,KLASİKLER,İngiliz Edebiyatı,İngiliz Klasikleri,4.53,0
528,Candide ya da İyimserlik,Voltaire,KLASİKLER,Keyifli,Yasaklanmış veya Sansürlenmiş,4.36,0
529,Bir Delinin Anı Defteri,Nikolay Vasilyeviç Gogol,KLASİKLER,Öykü Derlemesi,Klasik öyküler,4.3,0
530,İki Şehrin Hikayesi,Charles Dickens,KLASİKLER,Fransa,İngiltere,4.45,0
531,Katip Bartleby,Herman Melville,KLASİKLER,Kısa Roman (Novella),Klasik öyküler,4.22,0
532,Denizin Çağrısı,Jack London,KLASİKLER,Amerikan Klasikleri,Amerikan Edebiyatı,4.28,0
533,Köpek Kalbi,Mihail Bulgakov,KLASİKLER,Kısa Roman (Novella),Rus Edebiyatı,4.23,0
534,Zamanımızın Bir Kahramanı,Mihail Yuryeviç Lermontov,KLASİKLER,Rus Klasikleri,Psikolojik Romanlar,4.34,0
535,Kırmızı ve Siyah,Stendhal,KLASİKLER,Fransız Edebiyatı,Fransız Klasikleri,4.08,0
536,Usta ile Margarita,Mihail Bulgakov,KLASİKLER,Rus Klasikleri,Kediler,4.42,0
537,Bitmeyen Kavga,John Steinbeck,KLASİKLER,İşçi / Emekçi Sınıfı,Amerikan Klasikleri,4.43,0
538,Oz Büyücüsü,L. Frank Baum,KLASİKLER,Amerikan Klasikleri,Amerikan Edebiyatı,4.4,0
539,Agnes Grey,Anne Brontë,KLASİKLER,İngiliz Klasikleri,İngiliz Edebiyatı,4.24,0
540,Çingene Kızı,Miguel De Cervantes,KLASİKLER,İspanyolca Edebiyat,Romantik,4.02,0
541,Üç Silahşor,Alexandre Dumas,KLASİKLER,Fransız Edebiyatı,Fransız Klasikleri,4.61,0
542,İtiraflarım,Lev Nikolayeviç Tolstoy,KLASİKLER,Otobiyografik Romanlar,Biyografik Romanlar,4.41,0
543,Moby Dick,Herman Melville,KLASİKLER,Gemiler,Hayvanlar,4.33,0
544,Buzlar Arasında Bir Kış,Jules Verne,KLASİKLER,Kış,Fransız Edebiyatı,3.91,0
545,Germinal,Émile Zola,KLASİKLER,Fransız Klasikleri,Ekrana Uyarlanmış Kitaplar,4.7,0
546,Kumsalda,Murat Mahmutyazıcıoğlu,ŞİİR,Yaz,Radyo Tiyatrosu,3.39,0
547,Ayı,Anton Chekhov,ŞİİR,Radyo Tiyatrosu,Rus Edebiyatı,4.18,0
548,Hamlet,William Shakespeare,ŞİİR,İngiliz Edebiyatı,İngiliz Klasikleri,4.62,0
549,Sabahattin Ali Şiirleri,Sabahattin Ali,ŞİİR,Türk Klasikleri,Şiir,4.7,0
550,Ah'lar Ağacı,Didem Madak,ŞİİR,Şiir,Duygusal,4.67,0
551,Bir Delinin Hatıra Defteri,Nikolay Vasilyeviç Gogol,ŞİİR,Rus Klasikleri,Radyo Tiyatrosu,4.09,0
552,Yanlışlık,Albert Camus,ŞİİR,Fransız Edebiyatı,Radyo Tiyatrosu,4.05,0
553,Şimdi Sevişme Vakti,Sait Faik Abasıyanık,ŞİİR,Şiir,Türk Edebiyatı,4.09,0
554,"Bütün Kadınların
Kafası Karışıktır",Ece Temelkuran,ŞİİR,Radyo Tiyatrosu,Feminizm,4.48,0
555,Tütünün Zararları,Anton Çehov,ŞİİR,Rus Edebiyatı,Keyifli,4.23,0
556,Lavinia,Özdemir Asaf,ŞİİR,Şiir,Aşk / Sevgi,4.38,0
557,Martı,Anton Çehov,ŞİİR,Radyo Tiyatrosu,Rus Edebiyatı,3.73,0
558,Bir Yaz Gecesi Rüyası,William Shakespeare,ŞİİR,İngiliz Edebiyatı,İngiliz Klasikleri,4.09,0
559,Yan Rol,Deniz Madanoğlu,ŞİİR,Keyifli,Radyo Tiyatrosu,4.67,0
560,Beyaz Geceler - Radyo Tiyatrosu,Fyodor Dostoyevski,ŞİİR,Radyo Tiyatrosu,Rus Klasikleri,4.24,0
561,Yazlıkçının Yaşamı,Anton Çehov,ŞİİR,Radyo Tiyatrosu,Rus Edebiyatı,4.06,0
562,Cimri,Molière,ŞİİR,Radyo Tiyatrosu,Keyifli,4.45,0
563,Orhan Veli Tüm Şiirleri,Orhan Veli Kanık,ŞİİR,Şiir,Keyifli,4.7,0
564,Bebek,Sebahattin Yaşar,ŞİİR,Çağdaş Öyküler,Radyo Tiyatrosu,4.26,0
565,Tatyana Repina,Anton Çehov,ŞİİR,Radyo Tiyatrosu,Rus Edebiyatı,3.65,0
566,Kısasa Kısas,William Shakespeare,ŞİİR,Radyo Tiyatrosu,İngiliz Edebiyatı,4.41,0
567,Kuğunun Şarkısı,Anton Çehov,ŞİİR,Radyo Tiyatrosu,Rus Edebiyatı,3.99,0
568,Hırçın Kız,William Shakespeare,ŞİİR,Radyo Tiyatrosu,İngiliz Edebiyatı,4.26,0
569,Yüzyılın Aşkı,Yeşim Özsoy,ŞİİR,Romantik,Radyo Tiyatrosu,3.85,0
570,Deli Dumrul - Dede Korkut Hikayeleri,Güngör Dilmen,ŞİİR,Radyo Tiyatrosu,Keyifli,4.1,0
571,Evlenme Teklifi,Anton Çehov,ŞİİR,Radyo Tiyatrosu,Rus Edebiyatı,4.24,0
572,Tecavüz,Dario Fo,ŞİİR,Radyo Tiyatrosu,Hüzünlü,4.42,0
573,Venedik Taciri,William Shakespeare,ŞİİR,Radyo Tiyatrosu,İngiliz Klasikleri,4.48,0
574,Medet,Deniz Madanoğlu,ŞİİR,Hüzünlü,Radyo Tiyatrosu,4.48,0
575,Aşk-ı Memnu,Halit Ziya Uşaklıgil,ŞİİR,Radyo Tiyatrosu,Ekrana Uyarlanmış Kitaplar,4.33,0
576,Tartuffe,Jean Baptiste Molière,ŞİİR,Radyo Tiyatrosu,Fransız Edebiyatı,4.31,0
577,Mozart ve Salieri,Alexandr Pushkin,ŞİİR,Radyo Tiyatrosu,Rus Edebiyatı,4.1,0
578,Düğün,Anton Çehov,ŞİİR,Radyo Tiyatrosu,Rus Edebiyatı,3.73,0
579,Duruşmadan Önceki Gece,Anton Çehov,ŞİİR,Radyo Tiyatrosu,Rus Edebiyatı,4.05,0
580,Duyulmamış Bir Aşk İlleti - Kaynanam Nasıl Kudurdu,Hüseyin Rahmi Gürpınar,ŞİİR,Radyo Tiyatrosu,Keyifli,4.17,0
581,Onikinci Gece,William Shakespeare,ŞİİR,Radyo Tiyatrosu,İngiliz Klasikleri,4.06,0
582,Kahvede Şenlik Var,Sabahattin Kudret Aksal,ŞİİR,Keyifli,Radyo Tiyatrosu,4.03,0
583,Yıldönümü Kutlaması,Anton Çehov,ŞİİR,Rus Edebiyatı,Radyo Tiyatrosu,3.75,0
584,Yeni Klasör,Jean-Claude Carrière,ŞİİR,Fransız Edebiyatı,Radyo Tiyatrosu,4.34,0
585,Fü,Murat Mahmutyazıcıoğlu,ŞİİR,Keyifli,Radyo Tiyatrosu,4.44,0
586,Orhan Veli - Bütün Şiirleri,Orhan Veli Kanık,ŞİİR,Şiir,Keyifli,4.39,0
587,Seydilerin Gelini,Sebahattin Yaşar,ŞİİR,Radyo Tiyatrosu,Hüzünlü,4.56,0
588,Hedda Gabler,Henrik Ibsen,ŞİİR,Radyo Tiyatrosu,İskandinav Edebiyatı,3.9,0
589,Ahmet Haşim - Tüm Şiirleri,Ahmet Haşim,ŞİİR,Şiir,Türk Klasikleri,4.25,0
590,Bir Halk Düşmanı,Henrik Ibsen,ŞİİR,Radyo Tiyatrosu,İskandinav Edebiyatı,4.48,0
591,Üç Kız Kardeş,Anton Çehov,ŞİİR,Radyo Tiyatrosu,Rus Edebiyatı,3.38,0
592,Ted Bundy,Kosta Kortidis,ŞİİR,Biyografi,Radyo Tiyatrosu,3.99,0
593,Anayolda,Anton Çehov,ŞİİR,Radyo Tiyatrosu,Rus Edebiyatı,3.96,0
594,Veba Günlerinde Eğlence,Alexandr Pushkin,ŞİİR,Radyo Tiyatrosu,Rus Edebiyatı,3.47,0
595,Yolda,Murat Mahmutyazıcıoğlu,ŞİİR,Radyo Tiyatrosu,Yolda,3.6,0
596,Uğrak Yeri,Philip Ridley,ŞİİR,Hüzünlü,Radyo Tiyatrosu,4.21,0
597,Yalnızlık Paylaşılmaz,Özdemir Asaf,ŞİİR,Şiir,Yalnızlık,4.13,0
598,Kürk Mantolu Madonna,Sabahattin Ali,ŞİİR,Duygusal,Ankara,4.66,0
599,"The World Keeps Ending, and the World Goes On",Franny Choi,ŞİİR,LGBTQ+,Distopya,3.5,0
600,Milk and Honey,Rupi Kaur,ŞİİR,İyi hissettiren kitaplar,Şiir,3.8,0
601,Yedi Noel Kartı Macerası: Bir Sherlock Holmes Yılbaşı Öyküsü,Anthony Horowitz,ÖYKÜ,Kış,Londra,4.22,0
602,Haldun Taner Hikayeleri,Haldun Taner,ÖYKÜ,Çağdaş Öyküler,Türk Edebiyatı,4.25,0
603,Deli Tarla,Şermin Yaşar,ÖYKÜ,Çağdaş Öyküler,Türk Edebiyatı,4.65,0
604,Kalk Yerine Yat,Şermin Yaşar,ÖYKÜ,Çağdaş Öyküler,Türk Edebiyatı,4.47,0
605,Korkuyu Beklerken,Oğuz Atay,ÖYKÜ,Güz / Sonbahar,Öykü Derlemesi,4.43,0
606,Sarıyaz,Mahir Ünsal Eriş,ÖYKÜ,Çağdaş Öyküler,Keyifli,4.5,0
607,Bangır Bangır Ferdi Çalıyor Evde,Mahir Ünsal Eriş,ÖYKÜ,Öykü Derlemesi,Keyifli,4.46,0
608,Ayna Merdiven,Ferhan Şensoy,ÖYKÜ,Mizah,Keyifli,4.43,0
609,Nohut Oda,Melisa Kesmez,ÖYKÜ,Duygusal,Çağdaş Edebiyat,4.3,0
610,Kara Kedi,Edgar Allan Poe,ÖYKÜ,Gotik Edebiyat,Hayvanlar,3.97,0
611,Ateş Sönene Kadar,Aylin Balboa,ÖYKÜ,Çağdaş Öyküler,Türk Edebiyatı,4.3,0
612,Bugün Bize Kim Geldi,Sezgin Kaymaz,ÖYKÜ,Çağdaş Öyküler,Keyifli,4.57,0
613,Benyusuf,Sezgin Kaymaz,ÖYKÜ,Komik,Keyifli,4.67,0
614,Bakele,Sezgin Kaymaz,ÖYKÜ,Çağdaş Öyküler,Keyifli,4.39,0
615,Gelirken Ekmek Al,Şermin Yaşar,ÖYKÜ,Çağdaş Öyküler,Keyifli,4.55,0
616,Bir Köy Doktorundan Öyküler,Mihail Bulgakov,ÖYKÜ,Rus Klasikleri,Klasik öyküler,4.24,0
617,Maça Kızı,Aleksandr Puškin,ÖYKÜ,Rus Edebiyatı,Keyifli,4.31,0
618,Aşkım Dinimdir,Aziz Nesin,ÖYKÜ,Öykü Derlemesi,Keyifli,4.48,0
619,Havuz Başı,Sait Faik Abasıyanık,ÖYKÜ,Öykü Derlemesi,Türk Edebiyatı,4.61,0
620,Foto Sabah Resimleri,Ayşe Kulin,ÖYKÜ,Yazarın sesinden,Klasik öyküler,4.12,0
621,Dede Korkut Hikayeleri,Anonim,ÖYKÜ,Keyifli,Destanlar,4.39,0
622,Kumpanya,Sait Faik Abasıyanık,ÖYKÜ,Türk Edebiyatı,Keyifli,4.47,0
623,Seçme Öyküler,Sabahattin Ali,ÖYKÜ,Türk Klasikleri,Türk Edebiyatı,4.58,0
624,Birinci Tekil Şahıs,Haruki Murakami,ÖYKÜ,Asya Edebiyatı,Japon Edebiyatı,3.81,0
625,Bazen Bahar,Melisa Kesmez,ÖYKÜ,Bahar Zamanı!,Duygusal,4.37,0
626,Hikayeler,Orhan Veli Kanık,ÖYKÜ,Türk Klasikleri,Keyifli,4.19,0
627,Yumruklarımın Kısa Tarihi,Sinem Sal,ÖYKÜ,Kadınlar Hakkında Hikayeler,Kadın Edebiyatı,4.06,0
628,Adem’le Havva’nın Güncesi,Mark Twain,ÖYKÜ,Amerikan Edebiyatı,Romantik,3.96,0
629,Aramızdaki Şey,Tomris Uyar,ÖYKÜ,Klasik öyküler,Türk Klasikleri,3.96,0
630,Göçüp Gidenler Koleksiyoncusu,Şermin Yaşar,ÖYKÜ,Çağdaş Öyküler,Keyifli,4.47,0
631,Kara Yarısı,Mahir Ünsal Eriş,ÖYKÜ,Keyifli,Tatilde Hissettirecek Kitaplar,4.42,0
632,"Berber Dükkânında, Hanımla Kavga Ettik, Hanımlar, Tepetakla",Anton Çehov,ÖYKÜ,Rus Edebiyatı,Keyifli,4.23,0
633,Ayın En Çıplak Günü,Buket Uzuner,ÖYKÜ,Keyifli,Çağdaş Öyküler,3.8,0
634,Medet,Sezgin Kaymaz,ÖYKÜ,Çağdaş Edebiyat,Türk Edebiyatı,4.55,0
635,Nazik Alet,Aziz Nesin,ÖYKÜ,Türk Edebiyatı,Mizah,4.58,0
636,Yolda Bir Kuşa Rastladım,Hasan Kerim Güç,ÖYKÜ,Çağdaş Edebiyat,Antoloji (Derleme),4.7,0
637,Maymun Pençesi ve Diğer Öyküler,W.W. Jacobs,ÖYKÜ,Korku,Gerilim,4.67,0
638,Nah Kalkınırız,Aziz Nesin,ÖYKÜ,Mizah,Komik,4.53,0
639,Atları Bağlayın Geceyi Burada Geçireceğiz,Melisa Kesmez,ÖYKÜ,Keyifli,Çağdaş Edebiyat,4.19,0
640,Düşbükü,Ferhan Şensoy,ÖYKÜ,Keyifli,Öykü Derlemesi,4.54,0
641,Az Şekerli,Sait Faik Abasıyanık,ÖYKÜ,Türk Edebiyatı,Keyifli,4.26,0
642,Son Kuşlar,Sait Faik Abasıyanık,ÖYKÜ,Kuşlar,Türk Edebiyatı,4.5,0
643,Semaver,Sait Faik Abasıyanık,ÖYKÜ,Türk Edebiyatı,Keyifli,4.32,0
644,Doğum Lekesi Gibi Bir Gülümseme,Barış Bıçakçı,ÖYKÜ,Çağdaş Öyküler,Türk Edebiyatı,4.19,0
645,Havadan Sudan,Aziz Nesin,ÖYKÜ,Çağdaş Öyküler,Mizah,4.59,0
646,Kasaba Hekimi,Ivan Sergeyeviç Turgenyev,ÖYKÜ,Rus Klasikleri,Rus Edebiyatı,4.04,0
647,"Deha, Bir Hastanın Günlüğü",Mihail Bulgakov,ÖYKÜ,Rus Edebiyatı,Günlük,3.9,0
648,Alemdağ'da Var Bir Yılan,Sait Faik Abasıyanık,ÖYKÜ,Türk Edebiyatı,Türk Klasikleri,4.45,0
649,Akışı Olmayan Sular,Pınar Kür,ÖYKÜ,Kadın Edebiyatı,Çağdaş Öyküler,4.47,0
650,Dizboyu Papatyalar,Tomris Uyar,ÖYKÜ,Klasik öyküler,Türk Klasikleri,4.02,0
651,Orhan Veli Tüm Öyküleri,Orhan Veli Kanık,ÖYKÜ,Keyifli,Öykü Derlemesi,4.55,0
652,Kertenkele Savunması,Bülent Emrah Parlak,ÖYKÜ,Çağdaş Edebiyat,Türk Edebiyatı,4.52,0
653,Gergedan,Mine Söğüt,ÖYKÜ,Çağdaş Öyküler,Türk Edebiyatı,3.97,0
654,Değirmen,Sabahattin Ali,ÖYKÜ,Klasik öyküler,Ekrana Uyarlanmış Kitaplar,3.99,0
655,"Haykırış: Sıra Dışı Duygular, Tuhaf Hayat Tecrübeleri Temalı Öyküler",Kolektif,ÖYKÜ,Öykü Derlemesi,Çağdaş Öyküler,3.33,0
656,Muhtelif Evhamlar Kitabı,Ömür İklim Demir,ÖYKÜ,Ödüllü kitaplar,Hayatla mücadele,3.99,0
657,Kördöğüşü,Aziz Nesin,ÖYKÜ,Mizah,Komik,4.66,0
658,Sıdıka,Atilla Atalay,ÖYKÜ,Komik,Keyifli,4.59,0
659,Sosyalizm Geliyor Savulun,Aziz Nesin,ÖYKÜ,Öykü Derlemesi,Türk Edebiyatı,4.73,0
660,Ateş Yakmak,Jack London,ÖYKÜ,Amerikan Edebiyatı,Öykü Derlemesi,4.19,0
661,Deli Kadın Hikayeleri,Mine Söğüt,ÖYKÜ,Karanlık Öyküler,Kadınlar Hakkında Hikayeler,3.88,0
662,Ah Biz Eşekler,Aziz Nesin,ÖYKÜ,Şeker Gibi,Mizah,4.54,0
663,"Gençlik ve Yaşlılık, Meçhul Dost",İvan Alekseyeviç Bunin,ÖYKÜ,Rus Edebiyatı,Keyifli,3.99,0
664,Çay Güzeli,İsmail saymaz,ÖYKÜ,Keyifli,Türk Edebiyatı,4.13,0
665,Meyhanede Kadınlar,Hüseyin Rahmi Gürpınar,ÖYKÜ,Öykü Derlemesi,Toplum,4.11,0
666,Amok Koşucusu,Stefan Zweig,ÖYKÜ,Klasik öyküler,Gülse Birsel'in Tavsiye Ettiği Sesli Kitaplar,4.06,0
667,İki Hödüğün Seyahati,Hüseyin Rahmi Gürpınar,ÖYKÜ,Komik,Keyifli,4.49,0
668,Anadolu Tanrıları,Halikarnas Balıkçısı,ÖYKÜ,Mitoloji,Efsaneler,4.37,0
669,Sarnıç,Sait Faik Abasıyanık,ÖYKÜ,Keyifli,Türk Edebiyatı,4.07,0
670,Rum Memet,Ferhan Şensoy,ÖYKÜ,Öykü Derlemesi,Türk Edebiyatı,4.46,0
671,Havada Bulut,Sait Faik Abasıyanık,ÖYKÜ,Türk Edebiyatı,Keyifli,4.34,0
672,Annemin Kaburgası,Burçin Tetik,ÖYKÜ,Çağdaş Öyküler,Feminizm,4.12,0
673,Tüneldeki Çocuk,Sait Faik Abasıyanık,ÖYKÜ,Öykü Derlemesi,Türk Edebiyatı,4.24,0
674,Aferin,Aziz Nesin,ÖYKÜ,Mizah,Komik,4.53,0
675,Vatan Sağolsun,Aziz Nesin,ÖYKÜ,Mizah,Keyifli,4.71,0
676,Ölmüş Eşek,Aziz Nesin,ÖYKÜ,Mizah,Komik,4.57,0
677,Bahar ve Kelebekler,Ömer Seyfettin,ÖYKÜ,Türk Klasikleri,Bahar Zamanı!,4.42,0
678,Albion'un Kızı - Öyküler / Cilt 1,Anton Çehov,ÖYKÜ,Rus Edebiyatı,Öykü Derlemesi,4.36,0
679,Yıldızın Parladığı Tarihsel Anlar - On Dört Tarihsel Minyatür,Stefan Zweig,ÖYKÜ,Avusturyalı,Eğitici,4.51,0
680,Aklımın Aynalı Çarşısı,Devrim Yakut,ÖYKÜ,Duygusal,Keyifli,4.75,0
681,Çatı Katı,Nihan Kaya,ÖYKÜ,Öykü Derlemesi,Duygusal,4.14,0
682,Seni Yoran Her Şeyi Bırak,Müthiş Psikoloji,KİŞİSEL GELİŞİM,Eğitici,Psikoloji,4.41,0
683,Mutluluğu Kaybettiğin Yerde Arama,Beyhan Budak,KİŞİSEL GELİŞİM,Mutluluk,Kişisel gelişim,4.72,0
684,Derin Uyku,Şölen Yücel,KİŞİSEL GELİŞİM,Uyku,Meditasyon,4.42,0
685,Var mısın? - Güçlü Bir Yaşam İçin Öneriler,Deniz Bayramoğlu,KİŞİSEL GELİŞİM,Kendine ayırdığın zaman,Eğitici,4.76,0
686,Ustalık Gerektiren Kafaya Takmama Sanatı,Mark Manson,KİŞİSEL GELİŞİM,Umut Veren,Akıl ve ruh,4.06,0
687,Düşüncenin Gücü,James Allen,KİŞİSEL GELİŞİM,Kişisel gelişim,Akıl ve ruh,4.12,0
688,Alışkanlıkların Gücü,Charles Duhigg,KİŞİSEL GELİŞİM,Yeni Yıl Hedefleri,Alışkanlık,4.64,0
689,Senin Suçun Değil,Beyhan Budak,KİŞİSEL GELİŞİM,Psikoloji,Kendine ayırdığın zaman,4.68,0
690,Terapi Odasında İyileşen İlişkiler,Dr. Bahar Tezcan,KİŞİSEL GELİŞİM,İlişkiler,Aşk / Sevgi,4.57,0
691,İmkansız İlişkilerden Mümkün İlişkilere,Dr. Bahar Tezcan,KİŞİSEL GELİŞİM,İlişkiler,Aşk / Sevgi,4.66,0
692,Neden Bunu Bana Daha Önce Kimse Söylemedi?,Dr. Julie Smith,KİŞİSEL GELİŞİM,Popüler Kitaplar,Psikoloji,3.93,0
693,İnsan Geleceğini Nasıl Kurar?,İlber Ortaylı,KİŞİSEL GELİŞİM,Kişisel gelişim,Hayatın kuralları,4.72,0
694,Bir Ömür Nasıl Yaşanır,İlber Ortaylı,KİŞİSEL GELİŞİM,Kültür,Akıl ve ruh,4.08,0
695,Geliştiren Anne Baba,Doğan Cüceloğlu,KİŞİSEL GELİŞİM,Ebeveynlik,Aile ve Çocuk,4.82,0
696,Kendiniz Olma Alışkanlığını Kırmak,Joe Dispenza,KİŞİSEL GELİŞİM,Alışkanlık,Kendine ayırdığın zaman,4.57,0
697,Sırlarımız Kadar Hastayız,Bülent Demircioğlu,KİŞİSEL GELİŞİM,Sağlık,Kişisel gelişim,4.13,0
698,Kendine İyi Davran Güzel İnsan,Beyhan Budak,KİŞİSEL GELİŞİM,Umut Veren,Yeni bir başlangıç,4.65,0
699,Kaygıyı Yönetmek,Şölen Yücel,KİŞİSEL GELİŞİM,Meditasyon,Endişe / Kaygı,4.37,0
700,Titreşimini Yükselt Hayatın Değişsin,Ayşe Tolga,KİŞİSEL GELİŞİM,Farkındalık,Spiritüel,4.58,0
701,Bolluk Bilinci,Ufuk Önen,KİŞİSEL GELİŞİM,Yazarın sesinden,Sağlık,4.08,0
702,Kendini Bırakma Her Şey Yolunda,Aslı Eti,KİŞİSEL GELİŞİM,Kendine ayırdığın zaman,İlham Verici,4.33,0
703,Kendini Affet,Adem Güneş,KİŞİSEL GELİŞİM,Suçluluk,Kişisel gelişim,4.55,0
704,Sevme Kusurları,Müthiş Psikoloji,KİŞİSEL GELİŞİM,Psikoloji,Aşk / Sevgi,4.47,0
705,Bir Sanatçı Gibi Araklayın,Austin Kleon,KİŞİSEL GELİŞİM,Sanat,Yaratıcılık,4.37,0
706,"Karar Ver, Planla, Harekete Geç",Ayça Karaman,KİŞİSEL GELİŞİM,Kişisel gelişim,Sağlık,4.3,0
707,Sen Değişirsen Her Şey Değişir,Başak Sayan,KİŞİSEL GELİŞİM,İçsel yolculuk,Motive Edici,4.64,0
708,İyi ki,Şölen Yücel,KİŞİSEL GELİŞİM,"Zihin, Beden ve Ruh",Uyku,4.49,0
709,Beş Sevgi Dili,Gary Chapman,KİŞİSEL GELİŞİM,Aşk / Sevgi,Evlilik,4.69,0
710,Evlenmeden Önce,Doğan Cüceloğlu,KİŞİSEL GELİŞİM,Eğitici,Evlilik,4.77,0
711,Bir Dosttan Pusulalar: Yaşamın sorumluluğunu üstlenmek için hızlı ve etkili bir rehber,Tony Robbins,KİŞİSEL GELİŞİM,Başarıya Giden Yol,Başarı Hikayeleri,4.49,0
712,Şamanların Bilgeliği: Kadim Ustaların Sevgi ve Yaşam Hakkındaki Öğretileri,Don Jose Ruiz,KİŞİSEL GELİŞİM,Şamanizm,Spiritüel,4.61,0
713,İnsanın Anlam Arayışı (Genç Okurlar İçin Uyarlanan Baskı),Viktor E. Frankl,KİŞİSEL GELİŞİM,Anı,Psikoloji,4.52,0
714,Evren Sizi Destekleyecek,Gabrielle Bernstein,KİŞİSEL GELİŞİM,Spiritüel,"Zihin, Beden ve Ruh",4.25,0
715,Her Şey Beyinde Başlar,Mümin Sekman,KİŞİSEL GELİŞİM,İlham Verici,Eğitici,4.47,0
716,Gecenin Sessizliğinde,Şölen Yücel,KİŞİSEL GELİŞİM,Uyku,Keyifli,4.46,0
717,Kalbin Temizse Hikayen Mutlu Biter,Hakan Mengüç,KİŞİSEL GELİŞİM,Umut Veren,Yeni bir başlangıç,4.52,0
718,Uyku İçin Nefes,Şölen Yücel,KİŞİSEL GELİŞİM,Meditasyon,Uyku,4.42,0
719,Kendini İyileştirme İşi Nasıl Yapılır?,Nicole LePera,KİŞİSEL GELİŞİM,Sağlık,Spiritüel,4.42,0
720,Ev Yapımı Bir Paraşüt,Berrak Yurdakul,KİŞİSEL GELİŞİM,Yeni bir başlangıç,İçsel yolculuk,4.48,0
721,Anda Sakinlik Ve Huzur,Aslı Eti,KİŞİSEL GELİŞİM,Keyifli,Meditasyon,4.38,0
722,Uykunun Kollarında,Şölen Yücel,KİŞİSEL GELİŞİM,Meditasyon,Keyifli,4.31,0
723,4 Günde Sigarayı Kafanda Bitir,Allen Carr,KİŞİSEL GELİŞİM,Sağlık,Sigarayı Bırak,4.82,0
724,Sevmeye Kendinden Başla,Ilse Sand,KİŞİSEL GELİŞİM,Kendine ayırdığın zaman,Yeni bir başlangıç,4.16,0
725,Başarıya Götüren Aile,Doğan Cüceloğlu,KİŞİSEL GELİŞİM,Aile hayatı,Aile ve Çocuk,4.79,0
726,Artık Biliyorum,Oprah Winfrey,KİŞİSEL GELİŞİM,Yeni bir başlangıç,Umut Veren,4.38,0
727,Yaşamak Sakinlik İster,Özgür Bacaksız,KİŞİSEL GELİŞİM,Kendine ayırdığın zaman,Tatilde Hissettirecek Kitaplar,4.47,0
728,Var Ol - İçdünyasını Yöneten Dış Dünyaya Hükmeder,Nadia Maiya,KİŞİSEL GELİŞİM,Spiritüel,Kişisel gelişim,4.05,0
729,50 Maddede İlişkiler,Adil Yıldırım,KİŞİSEL GELİŞİM,İlişkiler,Keyifli,4.3,0
730,Mükemmel Olmamanın Hediyeleri,Brené Brown,KİŞİSEL GELİŞİM,Kişisel gelişim,Kendine ayırdığın zaman,4.22,0
731,Kilo Vermenin Kolay Yolu,Allen Carr,KİŞİSEL GELİŞİM,Beslenme,Sağlık,3.93,0
732,Kısıtlayıcı İnançları Bırakmak,Aslı Eti,KİŞİSEL GELİŞİM,Yeni bir başlangıç,Meditasyon,4.39,0
733,Rahat ve Hafif Yaşa,Aslı Eti,KİŞİSEL GELİŞİM,Yeni bir başlangıç,Meditasyon,4.43,0
734,Her Şey Seninle Başlar!,Mümin Sekman,KİŞİSEL GELİŞİM,Eğitici,Motive Edici,4.72,0
735,Sigarayı Bırakmanın Kolay Yolu,Allen Carr,KİŞİSEL GELİŞİM,Motive Edici,Sağlık,4.47,0
736,Beynine Format At,Barış Muslu,KİŞİSEL GELİŞİM,Beyin,Kişisel gelişim,4.1,0
737,Kişisel Ataleti Yenmek,Mümin Sekman,KİŞİSEL GELİŞİM,Yeni bir başlangıç,Başarıya Giden Yol,4.37,0
738,Bırak ve Rahatla,Adem Güneş,KİŞİSEL GELİŞİM,Yeni bir başlangıç,Psikoloji,4.38,0
739,Sakinlik ve Uyum,Lukas Åkerberg Lundh,KİŞİSEL GELİŞİM,Sakinlik,Huzur Bul,3.23,0
740,Savaşçı,Doğan Cüceloğlu,KİŞİSEL GELİŞİM,Psikoloji,İlham Verici,4.65,0
741,"İçindeki Devi Uyandır: Zihinsel, Duygusal, Fiziksel ve Finansal Kaderinizi Bir Anda Ele Almanın Yolu",Tony Robbins,KİŞİSEL GELİŞİM,Verimlilik,İlham Verici,4.73,0
742,Bir Masal İyi Gelir,Judith Malika Liberman,KİŞİSEL GELİŞİM,İyi hissettiren kitaplar,Keyifli,4.62,0
743,Etkili İnsanların 7 Alışkanlığı - 30. yıl dönümü baskısı: Kişisel Değişim Konusunda Güçlü Dersler,Stephen R. Covey,KİŞİSEL GELİŞİM,Alışkanlık,Girişimcilik,4.48,0
744,Küçük Balığın Yolculuğu,Aslı Eti,KİŞİSEL GELİŞİM,Uyku,"Zihin, Beden ve Ruh",4.49,0
745,Akıldışı Ama Öngörülebilir,Dan Ariely,KİŞİSEL GELİŞİM,Bilim,Akıl ve ruh,3.84,0
746,Yemek Düşmanın Değildir,Doris Hofer,KİŞİSEL GELİŞİM,Yiyecek & İçecek,Sağlık,3.87,0
747,Hayat Sana Ne Anlatıyor,Çetin Çetintaş,KİŞİSEL GELİŞİM,Yeni bir başlangıç,Duygular,4.43,0
748,Limit Sizsiniz,Mümin Sekman,KİŞİSEL GELİŞİM,Başarıya Giden Yol,Yeni bir başlangıç,4.48,0
749,Ev Yapımı Sihirli Değnek,Şermin Yaşar,KİŞİSEL GELİŞİM,Yeni bir başlangıç,Keyifli,4.52,0
750,Sınır Koymak Huzur Bulmak,Nedra Glover Tawwab,KİŞİSEL GELİŞİM,Kişisel gelişim,Ruh Sağlığı,4.59,0
751,İçimizden Doğan Güç: Şükür Etkisi,Dr. John Demartini,KİŞİSEL GELİŞİM,Motivasyon & İlham,Spiritüel,4.67,0
752,Beyin Oyunları,Tamer Demirdelen,KİŞİSEL GELİŞİM,Bilim,Yazarın sesinden,3.98,0
753,Çocuklar Nasıl Başarır,Mümin Sekman,KİŞİSEL GELİŞİM,Ebeveynlik,Aile ve Çocuk,4.65,0
754,Sakura - Yeniden Doğuyorum,Kabuljan Murzaev,KİŞİSEL GELİŞİM,Umut Veren,Yeni bir başlangıç,4.31,0
755,Beden Rahatlatma,KAMİ,KİŞİSEL GELİŞİM,Meditasyon,Sağlık,4.26,0
756,Zihin Seslerini Yavaşlatma Meditasyonu,Dr. Erkan Sarıyıldız,KİŞİSEL GELİŞİM,Umut Veren,Yazarın sesinden,3.38,0
757,TED Gibi Konuş,Carmine Gallo,KİŞİSEL GELİŞİM,Kültür,İlham Verici,4.02,0
758,İnsan İnsana,Doğan Cüceloğlu,KİŞİSEL GELİŞİM,Eğitici,İnsan doğası,4.46,0
759,Kalıtsal Aile Travmaları - Duygu Dönüşümleri,Halise Baydar Büyükata,KİŞİSEL GELİŞİM,Psikoloji,Aile ve Çocuk,4.42,0
760,Enerji Terapistinin Rehberi,Kevser Demet,KİŞİSEL GELİŞİM,Sağlık,Spiritüel,4.51,0
761,Tantra 1,Meryem Suna,KİŞİSEL GELİŞİM,Yazarın sesinden,Sağlık,3.42,0
762,0-6 Yaş Dönemi Çocuk Eğitiminde 100 Temel Kural,Adem Güneş,KİŞİSEL GELİŞİM,Ebeveynlik,Aile ve Çocuk,4.45,0
763,Pes Etme Mucizeler Yolda,Kinsun,KİŞİSEL GELİŞİM,İlham Verici,Yeni bir başlangıç,4.27,0
764,Pürdikkat: Dikkatinizi Nasıl Toplar ve Hayatınızın Kontrolünü Elinize Alırsınız?,Nir Eyal,KİŞİSEL GELİŞİM,Kişisel gelişim,Eğitici,3.97,0
765,Sindirim Sanatı,Hasan İnsel,KİŞİSEL GELİŞİM,Beslenme,Eğitici,4.39,0
